BlockCount,SuccessfulBlockCount,BlockPerMinute,DodgeCount,SuccessfulDodgeCount,DodgePerMinute,PanicDodges,DodgeDirection,JumpCount,SprintCount,AttackCount,SuccessfulAttackCount,AttackPerMinute,DamageDealt,DamageTaken,IsDied
7,4,1.37,2,1,0.39,0,2,0,8,16,9,3.13,296,91,0
6,5,1.23,1,1,0.21,0,0,4,5,17,11,3.49,254,29,0
10,7,4.64,3,1,1.39,1,3,4,2,21,7,9.75,197,52,0
1,1,0.25,2,1,0.49,0,2,4,2,16,6,3.95,125,118,1
1,1,0.23,1,1,0.23,0,0,1,10,19,10,4.44,258,58,0
1,1,0.23,3,2,0.68,0,3,6,0,15,11,3.41,204,94,0
12,5,2.19,3,2,0.55,0,1,4,1,8,4,1.46,70,208,1
8,6,1.54,0,0,0.0,0,0,6,10,22,10,4.23,245,114,0
9,6,1.59,1,1,0.18,0,2,1,0,26,15,4.6,337,75,0
1,1,0.15,2,1,0.3,0,0,7,2,1,1,0.15,24,113,1
10,4,1.45,5,3,0.73,1,3,2,8,19,13,2.76,223,156,0
8,7,1.27,3,1,0.48,1,3,0,8,20,15,3.17,288,54,0
6,5,0.78,2,1,0.26,0,3,6,6,5,2,0.65,24,132,1
5,2,2.37,7,4,3.32,1,1,5,6,23,8,10.9,90,123,0
14,7,4.41,2,1,0.63,0,1,2,0,22,13,6.93,212,67,0
0,0,0.0,0,0,0.0,0,2,1,0,0,0,0.0,0,139,1
4,2,0.68,0,0,0.0,0,0,8,0,4,2,0.68,25,174,1
1,1,0.14,0,0,0.0,0,1,6,2,15,6,2.03,182,145,1
0,0,0.0,3,1,0.87,1,1,0,3,30,20,8.67,219,26,0
3,2,0.4,2,1,0.26,0,0,4,6,0,0,0.0,0,172,1
2,1,0.85,0,0,0.0,0,1,4,5,8,4,3.39,67,153,1
2,1,0.26,2,1,0.26,0,3,7,3,9,5,1.18,159,169,1
11,6,2.68,5,3,1.22,1,3,4,2,17,9,4.14,199,118,0
0,0,0.0,6,3,2.3,1,0,2,5,4,3,1.53,53,132,1
6,4,1.22,3,1,0.61,1,0,7,0,7,3,1.42,69,151,1
2,2,0.56,5,3,1.41,1,0,1,4,17,10,4.8,195,15,0
0,0,0.0,1,1,0.27,0,3,5,4,7,4,1.89,96,150,1
1,1,0.26,5,3,1.3,1,0,2,10,25,14,6.5,180,61,0
0,0,0.0,0,0,0.0,0,2,2,1,0,0,0.0,0,187,1
9,4,1.72,1,1,0.19,0,0,5,0,16,7,3.06,144,67,0
5,3,1.29,0,0,0.0,0,2,5,4,20,7,5.17,131,84,0
0,0,0.0,8,4,1.41,1,1,2,1,18,6,3.18,167,40,0
6,3,0.95,7,5,1.11,1,2,3,9,16,6,2.54,115,105,0
8,7,2.2,0,0,0.0,0,0,3,3,20,11,5.5,339,67,0
4,3,0.89,2,1,0.45,0,2,12,0,21,14,4.69,299,99,0
0,0,0.0,5,2,1.83,1,0,0,6,13,8,4.76,224,131,1
0,0,0.0,3,2,0.97,0,2,1,1,18,12,5.83,152,31,0
1,1,0.16,4,3,0.66,0,3,0,0,20,9,3.29,280,87,0
0,0,0.0,3,1,0.97,0,0,6,12,18,9,5.83,256,60,0
5,3,0.97,3,2,0.58,0,3,4,4,22,10,4.27,153,154,1
0,0,0.0,2,1,0.32,0,1,0,8,28,11,4.48,150,66,0
0,0,0.0,9,7,3.41,1,0,9,2,4,1,1.51,18,153,1
10,4,1.85,0,0,0.0,0,1,9,6,15,8,2.78,275,119,0
0,0,0.0,5,3,1.41,1,0,1,3,2,1,0.57,16,172,1
5,3,0.64,0,0,0.0,0,2,8,8,20,8,2.57,171,90,0
2,1,0.41,0,0,0.0,0,2,2,2,6,2,1.22,22,141,1
0,0,0.0,0,0,0.0,0,0,6,3,12,8,1.76,159,194,1
1,1,0.19,1,1,0.19,0,1,2,3,16,7,3.02,170,184,1
4,3,1.77,2,1,0.88,0,3,4,3,11,7,4.87,237,129,1
0,0,0.0,2,1,0.34,0,3,3,3,17,10,2.93,229,24,0
7,6,0.91,4,2,0.52,1,1,2,0,11,8,1.43,244,141,1
6,4,1.07,5,3,0.89,0,3,8,0,20,10,3.57,237,60,0
0,0,0.0,0,0,0.0,0,1,3,1,10,6,1.45,66,149,1
2,2,0.27,7,3,0.96,2,1,1,4,20,10,2.74,179,78,0
1,1,0.3,2,1,0.59,0,3,0,0,21,12,6.23,293,77,0
7,6,2.14,0,0,0.0,0,1,5,3,16,8,4.89,270,150,1
5,2,0.88,7,4,1.24,1,1,4,2,20,8,3.53,252,104,0
8,4,1.79,2,1,0.45,0,1,3,0,9,5,2.02,79,233,1
5,2,0.71,1,1,0.14,0,3,6,0,24,13,3.41,202,39,0
0,0,0.0,6,5,0.81,0,3,0,4,11,7,1.49,105,197,1
1,1,0.24,4,2,0.97,1,1,1,0,13,8,3.15,264,94,1
0,0,0.0,0,0,0.0,0,0,0,2,10,6,2.92,188,195,1
4,3,0.6,7,4,1.05,1,1,0,4,12,4,1.8,117,102,1
1,1,0.27,4,3,1.1,0,1,7,4,7,4,1.92,79,108,1
3,2,0.43,2,1,0.29,0,0,3,4,17,9,2.45,203,103,0
2,1,0.44,1,1,0.22,0,2,4,8,2,1,0.44,22,174,1
0,0,0.0,2,1,0.33,0,1,0,0,19,14,3.16,229,40,0
0,0,0.0,5,4,1.94,0,0,8,0,5,2,1.94,45,132,1
0,0,0.0,1,1,0.17,0,0,0,9,18,12,3.13,129,88,0
0,0,0.0,5,3,1.06,1,0,2,6,24,8,5.09,106,39,0
2,1,0.36,0,0,0.0,0,3,5,6,6,3,1.09,96,162,1
13,6,4.32,0,0,0.0,0,0,4,10,20,11,6.65,317,84,0
0,0,0.0,0,0,0.0,0,0,1,3,9,3,1.4,62,116,1
8,6,1.11,0,0,0.0,0,1,0,11,18,11,2.51,252,117,0
8,6,2.42,8,5,2.42,1,0,11,14,19,6,5.76,115,67,0
3,2,1.17,4,3,1.55,0,0,4,14,19,7,7.38,200,102,0
3,2,1.4,0,0,0.0,0,0,0,5,14,8,6.54,237,205,1
2,1,0.34,0,0,0.0,0,1,3,3,14,9,2.39,262,198,1
9,5,1.6,4,2,0.71,1,1,3,10,17,12,3.01,337,71,0
0,0,0.0,5,4,0.95,0,1,0,3,22,14,4.17,212,79,0
1,1,0.29,4,3,1.18,0,1,4,3,15,9,4.42,166,129,1
3,2,0.69,7,5,1.61,1,3,8,0,17,8,3.91,174,73,0
9,5,1.62,3,1,0.54,1,1,5,9,22,7,3.95,128,43,0
10,4,2.01,7,4,1.41,1,0,3,15,18,6,3.61,173,105,0
0,0,0.0,2,1,0.25,0,0,7,7,13,7,1.64,128,17,0
5,3,1.77,2,1,0.71,0,1,0,4,10,6,3.55,81,129,1
5,4,0.81,6,3,0.97,1,2,7,7,23,11,3.73,220,81,0
4,3,0.9,4,1,0.9,1,0,3,0,18,11,4.07,379,68,0
0,0,0.0,2,1,0.44,0,2,4,0,17,9,3.72,141,65,0
0,0,0.0,0,0,0.0,0,0,7,5,15,5,2.38,127,97,1
7,3,1.14,1,1,0.16,0,1,0,8,22,9,3.57,187,64,0
6,4,0.75,4,3,0.5,0,2,3,5,20,14,2.52,165,50,0
6,4,2.17,2,1,0.72,0,0,7,6,22,14,7.94,311,51,0
6,4,2.29,0,0,0.0,0,1,1,8,21,15,8.0,413,114,0
5,4,0.79,6,3,0.95,1,0,1,1,21,7,3.31,160,75,0
5,3,0.91,3,2,0.55,0,2,1,2,15,11,2.74,350,182,1
6,4,1.65,7,6,1.92,0,0,6,5,20,8,5.49,138,47,0
3,2,1.21,0,0,0.0,0,3,8,0,23,7,9.29,85,161,1
0,0,0.0,5,2,1.99,1,0,2,4,12,9,4.77,301,77,0
1,1,0.14,1,1,0.14,0,3,5,1,11,5,1.49,97,137,1
1,1,0.32,0,0,0.0,0,1,8,3,16,10,5.08,244,103,1
10,7,2.54,3,2,0.76,0,2,0,0,14,5,3.55,149,55,0
0,0,0.0,4,3,1.19,0,0,7,0,23,13,6.85,235,98,0
8,5,1.94,5,3,1.21,1,3,1,4,18,13,4.36,363,111,0
1,1,0.41,1,1,0.41,0,0,10,8,24,11,9.93,147,37,0
3,2,0.59,3,2,0.59,0,0,8,1,23,14,4.5,242,93,0
14,8,5.82,1,1,0.42,0,1,4,4,15,6,6.24,82,131,0
9,7,1.32,0,0,0.0,0,0,5,4,22,13,3.23,394,60,0
0,0,0.0,2,1,0.59,0,0,5,0,15,7,4.41,109,48,0
0,0,0.0,2,1,0.38,0,3,7,3,1,1,0.19,28,184,1
3,2,0.41,2,1,0.27,0,3,9,2,21,9,2.88,302,31,0
0,0,0.0,4,2,0.68,0,1,4,11,19,7,3.22,162,75,0
6,5,1.15,2,1,0.38,0,3,3,3,15,11,2.89,259,105,1
5,4,1.27,0,0,0.0,0,1,4,10,16,8,4.05,172,90,0
1,1,0.25,0,0,0.0,0,0,5,4,24,10,6.0,181,100,0
10,8,1.66,7,5,1.16,1,2,5,8,23,12,3.82,263,42,0
4,3,0.5,0,0,0.0,0,2,13,0,10,4,1.26,100,198,1
4,2,0.67,0,0,0.0,0,3,2,4,17,11,2.85,381,101,0
8,6,1.5,3,1,0.56,1,0,12,6,19,14,3.55,468,91,0
15,10,2.35,4,2,0.63,1,2,0,4,16,8,2.51,252,105,0
10,8,2.09,6,3,1.25,1,0,3,2,20,14,4.17,451,61,0
8,6,3.39,3,1,1.27,1,0,3,3,16,9,6.78,195,67,0
1,1,0.19,0,0,0.0,0,0,3,4,13,5,2.42,132,154,1
1,1,0.13,12,7,1.55,2,3,0,0,20,12,2.58,389,98,0
2,1,0.66,5,3,1.64,1,3,0,4,9,5,2.95,99,205,1
7,4,1.14,5,3,0.81,1,2,0,0,1,1,0.16,34,186,1
2,2,0.62,1,1,0.31,0,1,11,1,6,4,1.87,82,181,1
7,6,1.34,3,1,0.58,1,0,12,4,26,13,4.99,325,104,0
1,1,0.39,5,4,1.94,0,0,5,4,15,11,5.81,305,105,1
0,0,0.0,2,1,0.43,0,0,6,0,18,11,3.83,371,52,0
9,5,1.38,1,1,0.15,0,1,11,7,21,11,3.21,177,92,0
9,4,2.2,0,0,0.0,0,2,1,7,18,10,4.41,287,66,0
5,2,0.83,6,5,1.0,0,1,1,2,18,8,3.01,184,54,0
8,4,1.18,0,0,0.0,0,0,2,4,22,16,3.25,267,67,0
0,0,0.0,3,1,0.4,0,0,7,10,20,12,2.64,353,20,0
6,3,1.76,1,1,0.29,0,0,0,6,3,1,0.88,24,236,1
6,4,1.36,0,0,0.0,0,1,5,1,22,10,5.0,265,104,0
1,1,0.34,4,3,1.37,0,3,3,4,9,5,3.09,90,171,1
0,0,0.0,0,0,0.0,0,2,3,13,19,6,2.39,132,19,0
3,3,0.4,4,2,0.53,1,3,6,5,18,6,2.38,153,87,0
1,1,0.19,3,2,0.57,0,1,0,9,21,11,4.01,221,64,0
7,4,0.99,5,4,0.71,0,1,2,0,21,9,2.98,135,126,0
1,1,0.2,5,3,0.98,1,0,3,2,23,11,4.49,374,70,0
3,2,0.52,0,0,0.0,0,3,4,0,0,0,0.0,0,204,1
1,1,0.39,0,0,0.0,0,2,1,6,21,8,8.28,227,53,0
13,5,1.99,6,3,0.92,1,0,7,4,19,12,2.91,243,157,0
0,0,0.0,1,1,0.36,0,1,2,6,0,0,0.0,0,187,1
0,0,0.0,0,0,0.0,0,1,11,12,15,6,2.16,121,11,0
13,6,1.94,7,5,1.05,1,2,2,1,0,0,0.0,0,270,1
4,2,0.64,0,0,0.0,0,3,7,7,23,13,3.68,307,56,0
0,0,0.0,0,0,0.0,0,1,3,1,25,8,11.28,189,49,0
0,0,0.0,0,0,0.0,0,1,0,3,13,5,3.4,112,179,1
3,1,0.84,4,3,1.12,0,0,6,2,12,4,3.35,53,191,1
0,0,0.0,12,7,2.88,2,0,0,0,18,12,4.33,269,71,0
4,3,1.58,3,2,1.19,0,0,2,5,18,11,7.13,157,75,0
5,3,0.66,4,3,0.52,0,0,9,13,20,13,2.62,171,66,0
0,0,0.0,9,7,1.69,1,2,1,2,21,13,3.95,433,11,0
0,0,0.0,9,3,2.35,2,2,6,4,21,13,5.48,327,17,0
7,4,1.6,2,1,0.46,0,0,2,3,4,2,0.91,53,155,1
5,4,1.07,4,2,0.85,1,3,5,0,22,13,4.7,261,30,0
2,1,0.36,6,3,1.07,1,0,0,0,19,6,3.39,196,57,0
0,0,0.0,5,2,0.98,1,0,3,1,14,8,2.75,208,67,0
4,3,0.53,0,0,0.0,0,0,7,2,5,3,0.67,88,197,1
3,2,0.6,0,0,0.0,0,1,2,0,0,0,0.0,0,145,1
3,1,0.38,3,1,0.38,1,0,8,1,21,10,2.64,340,60,0
3,2,0.42,8,5,1.13,1,1,3,7,18,8,2.53,244,79,0
2,1,0.62,0,0,0.0,0,1,3,9,23,14,7.07,439,97,0
0,0,0.0,5,2,0.66,1,3,3,4,20,12,2.64,172,78,0
3,1,1.11,6,4,2.22,1,0,6,0,20,14,7.41,235,88,0
0,0,0.0,1,1,0.14,0,0,10,3,8,4,1.16,69,92,1
0,0,0.0,1,1,0.23,0,0,10,10,22,14,5.14,235,43,0
0,0,0.0,0,0,0.0,0,2,3,1,2,1,0.28,31,106,1
1,1,0.14,3,1,0.42,1,0,2,9,18,13,2.5,140,14,0
5,3,0.73,7,3,1.02,1,3,2,4,1,1,0.15,12,118,1
0,0,0.0,0,0,0.0,0,1,0,2,0,0,0.0,0,82,1
0,0,0.0,5,2,1.31,1,1,2,0,26,15,6.79,225,71,0
13,9,5.23,10,6,4.02,1,1,0,2,20,13,8.05,205,48,0
3,2,0.68,8,6,1.81,1,0,8,7,18,13,4.07,389,78,0
0,0,0.0,5,4,1.64,0,0,0,4,18,6,5.92,144,103,1
3,1,0.49,3,2,0.49,0,0,6,1,0,0,0.0,0,131,1
0,0,0.0,1,1,0.25,0,1,5,3,2,1,0.49,21,137,1
2,1,0.25,7,3,0.89,1,0,0,2,21,11,2.67,222,104,0
0,0,0.0,6,3,1.03,1,0,0,2,20,12,3.42,154,59,0
0,0,0.0,2,1,0.29,0,3,5,5,1,1,0.14,27,168,1
3,2,1.07,0,0,0.0,0,0,2,1,15,5,5.37,138,146,1
2,1,0.28,2,1,0.28,0,3,1,1,21,14,2.93,392,81,0
0,0,0.0,0,0,0.0,0,2,4,3,1,1,0.13,28,135,1
0,0,0.0,5,3,1.02,0,0,7,3,14,6,2.84,60,89,1
0,0,0.0,5,4,0.89,0,0,6,2,10,4,1.77,135,176,1
0,0,0.0,2,1,0.3,0,0,6,4,11,7,1.67,212,109,1
13,6,4.26,3,1,0.98,1,2,7,0,18,6,5.9,196,133,0
4,3,0.8,3,2,0.6,0,2,0,6,22,15,4.39,156,36,0
8,6,1.82,3,2,0.68,0,2,7,0,0,0,0.0,0,220,1
6,4,2.08,0,0,0.0,0,3,2,1,19,11,6.6,333,76,0
2,1,0.48,1,1,0.24,0,2,4,3,18,13,4.28,402,49,0
1,1,0.42,1,1,0.42,0,0,8,0,21,13,8.72,160,50,0
0,0,0.0,0,0,0.0,0,0,1,4,14,7,6.5,199,196,1
1,1,0.36,5,4,1.78,0,3,4,4,22,13,7.83,442,25,0
0,0,0.0,5,2,0.64,1,0,2,4,20,9,2.57,243,36,0
5,4,0.94,0,0,0.0,0,0,4,0,24,10,4.53,243,77,0
7,5,0.9,0,0,0.0,0,2,0,8,9,7,1.15,235,131,1
1,1,0.22,5,3,1.09,0,1,1,1,13,8,2.83,169,133,1
3,1,0.78,1,1,0.26,0,3,7,0,21,12,5.43,300,47,0
0,0,0.0,0,0,0.0,0,2,5,0,17,8,3.38,175,79,0
0,0,0.0,0,0,0.0,0,0,5,1,11,4,2.37,133,92,1
3,1,1.14,0,0,0.0,0,3,2,6,23,7,8.73,83,23,0
7,3,1.2,6,4,1.03,1,0,3,12,22,12,3.76,270,133,0
0,0,0.0,0,0,0.0,0,0,3,7,17,11,5.16,299,62,0
0,0,0.0,6,3,1.05,1,1,0,8,15,8,2.62,238,42,0
0,0,0.0,0,0,0.0,0,0,0,4,11,7,1.86,172,94,1
1,1,0.34,0,0,0.0,0,1,0,9,15,5,5.15,164,66,0
4,3,1.69,2,1,0.84,0,0,1,3,0,0,0.0,0,121,1
0,0,0.0,1,1,0.15,0,1,3,5,8,3,1.2,35,193,1
1,1,0.21,5,3,1.05,1,1,6,0,21,11,4.41,221,98,0
9,6,3.83,0,0,0.0,0,2,7,3,13,4,5.53,42,217,1
1,1,0.13,0,0,0.0,0,3,0,2,3,2,0.38,36,85,1
5,3,2.13,1,1,0.43,0,0,1,1,22,9,9.37,211,75,0
1,1,0.16,0,0,0.0,0,1,4,3,10,7,1.62,229,103,1
0,0,0.0,0,0,0.0,0,1,0,3,17,8,2.15,249,81,1
4,3,1.16,2,1,0.58,0,0,0,4,20,15,5.82,198,115,1
2,1,0.7,2,1,0.7,0,2,0,1,8,4,2.8,49,171,1
6,4,2.2,1,1,0.37,0,2,0,0,23,17,8.43,420,42,0
1,1,0.26,0,0,0.0,0,0,1,13,13,4,3.4,93,28,0
1,1,0.38,3,1,1.15,1,1,10,3,13,8,4.99,133,187,1
1,1,0.16,4,2,0.65,1,0,0,0,13,9,2.11,292,163,1
2,1,0.84,2,2,0.84,0,2,4,0,22,8,9.27,265,68,0
0,0,0.0,3,1,0.59,1,0,1,5,14,5,2.77,100,125,1
5,3,0.63,3,2,0.38,0,3,2,12,24,12,3.01,387,44,0
0,0,0.0,1,1,0.15,0,2,2,1,22,16,3.2,314,60,0
13,9,2.28,2,1,0.35,0,1,2,4,22,12,3.87,341,63,0
0,0,0.0,5,3,1.3,0,1,9,0,18,10,4.69,219,65,0
8,5,1.39,0,0,0.0,0,3,3,0,17,6,2.96,78,122,0
0,0,0.0,4,2,0.77,1,1,0,3,12,4,2.32,133,171,1
5,3,1.1,0,0,0.0,0,0,1,6,18,12,3.95,256,179,1
3,1,1.08,0,0,0.0,0,1,6,12,23,8,8.26,227,77,0
5,4,0.68,2,1,0.27,0,3,5,5,15,9,2.05,173,112,1
2,1,0.43,2,1,0.43,0,2,5,3,3,2,0.64,21,187,1
2,1,0.63,3,2,0.95,0,2,6,3,14,6,4.42,75,152,1
1,1,0.24,4,3,0.95,0,3,5,2,18,11,4.28,246,40,0
1,1,0.22,1,1,0.22,0,3,6,4,21,7,4.68,191,99,0
0,0,0.0,3,2,0.43,0,3,4,1,2,1,0.29,18,100,1
0,0,0.0,5,3,0.78,0,0,0,5,13,5,2.03,137,173,1
8,6,1.21,0,0,0.0,0,1,0,2,25,16,3.78,439,110,0
3,2,1.45,5,3,2.42,1,2,6,3,22,10,10.65,276,105,0
2,1,0.44,1,1,0.22,0,2,0,7,5,3,1.11,67,140,1
4,3,0.82,4,2,0.82,0,2,0,0,5,3,1.02,99,158,1
2,1,0.95,4,2,1.89,1,0,0,5,15,6,7.09,133,200,1
4,3,1.12,5,3,1.4,0,2,5,0,11,7,3.09,149,196,1
0,0,0.0,2,1,0.3,0,2,0,0,12,5,1.83,75,134,1
0,0,0.0,2,1,0.71,0,0,3,2,20,12,7.09,212,82,1
7,4,1.34,0,0,0.0,0,1,9,7,25,9,4.8,100,87,0
1,1,0.3,3,1,0.91,1,0,8,3,11,7,3.34,181,153,1
1,1,0.48,0,0,0.0,0,0,10,0,16,6,7.72,97,80,0
0,0,0.0,4,2,1.16,1,0,0,5,24,12,6.96,211,58,0
4,2,0.51,4,2,0.51,1,1,5,7,20,8,2.55,234,96,0
1,1,0.15,0,0,0.0,0,1,6,3,1,1,0.15,18,158,1
5,4,0.64,1,1,0.13,0,2,11,4,20,8,2.58,128,47,0
0,0,0.0,1,1,0.2,0,2,4,4,15,10,3.04,142,60,0
11,7,4.14,6,3,2.26,1,3,9,9,24,17,9.03,499,85,0
4,2,0.76,3,2,0.57,0,0,5,7,22,9,4.16,119,103,0
6,4,1.27,3,1,0.63,1,0,0,0,23,13,4.87,277,109,0
0,0,0.0,1,1,0.14,0,3,2,2,5,2,0.71,45,129,1
10,5,3.86,4,2,1.55,1,0,4,7,17,8,6.57,217,106,0
2,1,0.41,1,1,0.2,0,3,0,5,21,13,4.26,336,122,1
3,2,1.03,0,0,0.0,0,3,0,1,5,3,1.72,91,188,1
5,4,1.27,3,1,0.76,1,1,0,1,8,5,2.03,56,166,1
4,3,0.62,0,0,0.0,0,3,10,3,20,9,3.11,157,19,0
2,1,0.41,1,1,0.21,0,0,13,1,10,5,2.06,85,133,1
1,1,0.23,3,2,0.7,0,0,11,1,21,7,4.93,96,65,0
0,0,0.0,4,3,0.92,0,2,0,1,17,11,3.89,190,152,1
5,4,1.05,5,2,1.05,1,1,5,6,22,12,4.63,213,104,0
0,0,0.0,3,1,0.45,1,3,3,3,20,12,2.98,277,17,0
3,2,0.41,2,1,0.27,0,0,1,2,22,9,2.99,239,145,1
0,0,0.0,7,4,0.91,1,1,0,1,15,7,1.94,137,104,1
4,3,0.6,0,0,0.0,0,1,0,1,19,9,2.83,252,119,1
0,0,0.0,6,4,1.54,1,2,8,0,25,8,6.42,147,45,0
0,0,0.0,4,3,0.65,0,0,1,9,17,8,2.77,138,77,0
0,0,0.0,1,1,0.22,0,1,8,2,17,11,3.68,259,170,1
4,3,1.13,0,0,0.0,0,3,0,0,15,11,4.25,117,188,1
5,4,0.71,6,4,0.85,1,0,9,6,20,11,2.84,132,57,0
0,0,0.0,0,0,0.0,0,3,2,3,20,10,8.97,204,54,0
8,4,1.08,0,0,0.0,0,1,8,0,22,7,2.97,235,120,0
2,1,0.42,4,3,0.84,0,2,2,0,22,15,4.61,421,38,0
8,4,1.37,0,0,0.0,0,2,2,2,13,4,2.23,49,196,1
6,4,1.01,0,0,0.0,0,0,1,0,0,0,0.0,0,182,1
3,1,0.41,5,2,0.68,1,1,2,1,14,7,1.9,198,105,1
3,2,0.52,0,0,0.0,0,3,0,2,14,6,2.41,152,118,1
4,3,0.7,0,0,0.0,0,1,1,0,7,5,1.23,153,87,1
10,5,4.17,0,0,0.0,0,3,0,2,18,6,7.5,121,79,0
8,5,1.57,5,2,0.98,1,1,9,0,18,10,3.52,155,47,0
3,1,1.03,1,1,0.34,0,0,8,7,27,15,9.31,342,63,0
3,1,0.47,3,2,0.47,0,1,6,5,2,1,0.31,24,136,1
8,6,1.58,0,0,0.0,0,3,0,2,4,2,0.79,47,201,1
3,2,0.49,0,0,0.0,0,0,4,12,21,12,3.45,290,65,0
0,0,0.0,4,3,1.78,0,3,4,2,18,11,8.0,371,33,0
0,0,0.0,4,2,1.59,1,3,5,5,19,6,7.57,195,90,0
6,4,0.95,7,4,1.11,1,1,4,9,27,19,4.29,606,83,0
8,4,3.29,2,1,0.82,0,0,0,7,19,7,7.81,210,107,0
6,4,2.47,4,2,1.65,0,2,3,3,2,1,0.82,34,200,1
3,1,1.45,1,1,0.48,0,0,0,3,15,6,7.24,75,118,1
2,1,0.26,3,2,0.39,0,2,2,1,3,1,0.39,17,136,1
1,1,0.16,0,0,0.0,0,1,0,3,8,3,1.25,67,180,1
0,0,0.0,3,2,0.73,0,1,4,0,13,10,3.16,312,88,1
6,4,1.59,2,1,0.53,0,2,7,3,18,8,4.76,181,86,0
28,20,6.83,3,1,0.73,1,1,10,19,18,6,4.39,172,196,0
11,9,1.65,7,4,1.05,1,1,7,1,17,6,2.56,81,47,0
0,0,0.0,12,6,2.01,1,1,1,1,15,9,2.51,147,55,0
4,2,1.29,5,2,1.61,1,1,0,11,17,12,5.46,340,112,0
2,2,0.66,0,0,0.0,0,1,3,4,21,9,6.9,127,26,0
1,1,0.39,4,2,1.54,1,3,10,1,0,0,0.0,0,152,1
6,4,1.01,0,0,0.0,0,1,1,5,0,0,0.0,0,183,1
0,0,0.0,4,3,0.61,0,1,1,1,13,4,1.97,75,171,1
6,2,1.67,4,3,1.11,0,2,8,13,21,7,5.85,194,74,0
4,3,1.88,0,0,0.0,0,0,2,2,4,2,1.88,38,187,1
1,1,0.4,1,1,0.4,0,0,4,8,17,7,6.82,167,165,1
12,9,1.54,6,4,0.77,1,3,7,4,19,10,2.43,125,52,0
1,1,0.27,0,0,0.0,0,2,10,1,18,7,4.77,211,48,0
15,7,2.27,8,3,1.21,2,1,1,7,17,12,2.57,231,106,0
0,0,0.0,0,0,0.0,0,2,3,2,6,4,1.04,105,104,1
17,9,3.96,3,2,0.7,0,0,6,0,24,13,5.59,366,147,0
2,1,0.62,4,2,1.24,1,2,2,4,22,10,6.8,152,56,0
1,1,0.37,8,3,2.93,1,1,11,2,24,11,8.8,353,97,0
5,3,0.88,1,1,0.18,0,1,0,4,12,6,2.11,152,224,1
0,0,0.0,1,1,0.15,0,1,5,0,6,4,0.9,83,95,1
10,8,1.71,4,3,0.68,0,0,3,6,18,9,3.07,131,50,0
0,0,0.0,0,0,0.0,0,0,6,3,24,16,4.63,537,81,0
5,3,2.22,4,3,1.78,0,3,6,4,21,15,9.33,433,100,0
4,3,0.51,7,4,0.9,1,1,3,2,21,9,2.69,137,26,0
7,4,1.03,1,1,0.15,0,1,0,3,18,10,2.65,184,108,0
0,0,0.0,0,0,0.0,0,0,2,1,10,3,2.66,91,143,1
7,4,0.89,1,1,0.13,0,0,0,1,9,4,1.14,110,134,1
2,1,0.36,1,1,0.18,0,2,0,4,19,9,3.39,262,105,0
0,0,0.0,1,1,0.18,0,1,0,0,18,7,3.28,147,124,1
7,3,1.08,0,0,0.0,0,1,11,2,24,17,3.7,475,156,0
1,1,0.15,1,1,0.15,0,0,7,5,7,3,1.02,59,141,1
0,0,0.0,1,1,0.17,0,2,6,5,16,8,2.69,122,20,0
0,0,0.0,3,2,1.08,0,0,5,0,17,10,6.14,258,149,1
10,7,2.48,9,6,2.23,1,0,0,10,18,11,4.47,378,95,0
2,1,0.26,3,2,0.4,0,1,0,4,3,1,0.4,18,168,1
0,0,0.0,1,1,0.3,0,0,1,6,3,2,0.9,43,137,1
6,4,1.42,0,0,0.0,0,0,4,7,14,8,3.31,215,82,0
2,1,0.44,2,1,0.44,0,2,3,1,14,7,3.05,165,147,1
6,3,1.29,0,0,0.0,0,2,4,2,6,2,1.29,62,208,1
4,2,0.7,7,3,1.23,1,3,5,8,14,7,2.47,203,83,0
2,1,0.26,2,1,0.26,0,1,0,2,11,7,1.44,80,105,1
6,4,1.74,3,2,0.87,0,0,7,1,19,11,5.52,385,96,0
0,0,0.0,0,0,0.0,0,0,2,1,0,0,0.0,0,150,1
2,1,0.63,4,2,1.26,0,3,3,2,10,5,3.14,158,196,1
0,0,0.0,6,3,0.82,1,1,7,9,21,7,2.87,184,16,0
2,1,0.34,1,1,0.17,0,2,5,7,18,6,3.06,188,34,0
0,0,0.0,4,2,1.08,1,0,4,3,15,7,4.04,90,140,1
10,8,1.45,3,2,0.44,0,1,6,4,15,9,2.18,168,147,1
3,2,0.42,2,2,0.28,0,0,3,2,0,0,0.0,0,170,1
12,6,1.7,0,0,0.0,0,1,6,1,17,7,2.4,105,75,0
4,2,0.53,4,2,0.53,1,3,0,2,0,0,0.0,0,129,1
2,1,0.57,0,0,0.0,0,3,6,5,0,0,0.0,0,161,1
0,0,0.0,0,0,0.0,0,1,2,0,23,11,3.52,340,83,0
0,0,0.0,0,0,0.0,0,1,5,3,11,4,2.31,56,96,1
1,1,0.14,0,0,0.0,0,3,3,5,10,4,1.42,125,178,1
3,2,0.47,1,1,0.16,0,2,6,1,15,6,2.35,163,162,1
6,3,0.9,5,4,0.75,0,0,3,7,18,6,2.7,138,104,0
0,0,0.0,3,1,0.51,1,1,0,7,21,8,3.54,246,40,0
8,5,2.61,0,0,0.0,0,0,1,2,3,1,0.98,20,117,1
6,4,1.14,0,0,0.0,0,1,1,5,5,3,0.95,45,168,1
4,3,0.51,0,0,0.0,0,1,5,1,11,5,1.39,86,103,1
1,1,0.13,3,2,0.39,0,1,3,3,17,13,2.23,294,24,0
3,2,1.33,5,2,2.21,1,1,0,8,18,7,7.97,163,98,0
6,5,2.01,1,1,0.33,0,0,1,0,2,1,0.67,30,178,1
2,1,0.72,3,1,1.08,1,1,10,13,14,6,5.02,179,47,0
12,5,1.89,3,2,0.47,0,3,6,2,20,6,3.15,147,153,0
4,2,0.58,1,1,0.14,0,2,7,1,12,8,1.74,236,114,1
3,1,0.91,0,0,0.0,0,0,0,3,2,1,0.61,15,171,1
4,2,0.79,2,1,0.4,0,3,5,4,16,12,3.18,135,173,1
11,8,1.56,1,1,0.14,0,3,11,12,25,18,3.55,573,77,0
6,3,0.94,4,3,0.63,0,0,9,0,22,12,3.44,143,119,0
7,4,1.33,0,0,0.0,0,0,9,15,25,14,4.76,226,95,0
1,1,0.18,0,0,0.0,0,2,12,0,21,12,3.79,329,16,0
5,2,0.99,0,0,0.0,0,3,2,0,9,4,1.78,81,171,1
0,0,0.0,7,3,1.85,1,3,2,3,0,0,0.0,0,92,1
9,5,1.67,3,2,0.56,0,3,2,7,16,5,2.97,87,149,0
6,3,0.98,4,2,0.65,1,2,4,0,20,6,3.26,62,68,0
6,4,0.83,6,3,0.83,1,1,8,0,19,10,2.62,175,81,0
5,3,0.86,5,2,0.86,1,0,10,0,1,1,0.17,24,150,1
0,0,0.0,1,1,0.15,0,0,4,0,1,1,0.15,19,152,1
0,0,0.0,3,1,1.01,0,1,1,4,16,6,5.4,140,142,1
0,0,0.0,3,2,0.63,0,2,10,6,11,7,2.31,223,163,1
0,0,0.0,0,0,0.0,0,1,0,3,0,0,0.0,0,87,1
4,2,1.15,0,0,0.0,0,2,2,0,14,7,4.02,117,124,1
0,0,0.0,0,0,0.0,0,0,1,0,15,7,2.36,151,178,1
6,5,0.75,0,0,0.0,0,1,0,7,5,2,0.63,47,101,1
10,8,3.85,5,2,1.93,1,0,8,10,24,9,9.25,304,97,0
3,2,0.68,4,3,0.91,0,1,15,0,18,9,4.08,315,108,0
3,2,0.44,0,0,0.0,0,2,1,3,20,13,2.94,207,78,0
0,0,0.0,0,0,0.0,0,2,7,0,18,9,5.58,254,88,0
15,8,2.81,4,3,0.75,0,3,5,6,23,12,4.31,233,158,0
0,0,0.0,0,0,0.0,0,0,5,5,2,1,0.31,10,98,1
4,3,0.7,0,0,0.0,0,1,7,8,19,12,3.34,123,75,0
3,2,0.96,6,4,1.92,1,0,3,18,21,11,6.71,237,30,0
8,6,1.94,0,0,0.0,0,1,2,11,16,7,3.87,155,87,0
2,1,0.3,0,0,0.0,0,3,6,1,0,0,0.0,0,124,1
8,4,1.5,1,1,0.19,0,2,7,0,2,1,0.38,27,172,1
0,0,0.0,5,2,2.46,1,3,6,5,27,11,13.29,191,58,0
7,4,1.07,0,0,0.0,0,0,0,9,12,5,1.83,120,81,0
0,0,0.0,1,1,0.45,0,3,0,4,12,8,5.43,140,159,1
6,3,0.93,4,3,0.62,0,0,2,5,23,7,3.55,99,130,0
6,5,1.87,7,5,2.18,0,3,2,1,17,13,5.29,262,25,0
0,0,0.0,1,1,0.13,0,0,2,3,10,4,1.29,63,137,1
4,2,0.95,2,2,0.48,0,0,6,6,10,7,2.38,164,140,1
1,1,0.25,0,0,0.0,0,1,1,1,6,3,1.51,45,181,1
8,4,2.76,2,1,0.69,0,3,3,2,21,11,7.26,250,127,0
11,6,2.87,8,4,2.09,2,0,0,6,20,14,5.22,195,136,0
0,0,0.0,3,1,0.41,1,1,2,4,0,0,0.0,0,158,1
2,2,0.25,1,1,0.13,0,3,0,5,20,11,2.51,317,29,0
0,0,0.0,0,0,0.0,0,1,1,0,0,0,0.0,0,187,1
5,3,1.07,5,4,1.07,0,0,3,0,17,5,3.62,108,42,0
6,4,0.95,2,1,0.32,0,1,6,8,14,6,2.21,71,44,0
0,0,0.0,4,2,0.55,1,1,1,10,25,15,3.42,374,20,0
4,2,0.72,8,5,1.44,1,3,6,0,16,6,2.88,100,86,0
3,2,0.69,8,4,1.84,2,2,0,7,18,6,4.14,139,95,0
4,3,0.89,4,1,0.89,1,1,0,22,19,9,4.25,206,52,0
9,7,1.46,4,3,0.65,0,3,2,6,19,11,3.08,364,111,0
2,2,0.99,0,0,0.0,0,1,7,3,17,11,8.42,261,49,0
4,2,0.7,0,0,0.0,0,0,1,0,3,1,0.52,25,134,1
4,2,0.97,1,1,0.24,0,0,0,4,2,1,0.48,20,96,1
11,5,1.63,4,3,0.59,0,1,7,3,21,15,3.1,506,135,0
3,2,1.17,0,0,0.0,0,0,0,5,8,3,3.13,88,113,1
4,2,0.72,4,2,0.72,1,3,1,3,10,7,1.81,120,191,1
9,7,1.84,2,1,0.41,0,2,1,2,6,4,1.23,124,141,1
0,0,0.0,0,0,0.0,0,0,5,0,4,3,0.68,62,149,1
0,0,0.0,0,0,0.0,0,1,1,8,16,6,6.7,184,68,0
0,0,0.0,2,1,0.36,0,2,1,0,3,2,0.55,61,184,1
13,10,2.42,3,2,0.56,0,3,8,2,22,14,4.1,206,56,0
2,1,0.37,0,0,0.0,0,3,2,5,11,6,2.05,165,111,1
0,0,0.0,11,6,1.96,2,1,1,3,1,1,0.18,17,173,1
5,2,0.83,2,1,0.33,0,2,1,4,10,4,1.65,70,165,1
9,6,1.32,5,3,0.73,1,1,9,0,18,6,2.64,104,116,0
2,1,0.55,2,1,0.55,0,1,8,2,20,11,5.53,310,65,0
0,0,0.0,5,3,0.72,1,0,12,5,17,10,2.45,157,40,0
4,3,0.8,6,5,1.2,0,0,2,0,18,8,3.61,80,36,0
11,5,4.47,4,3,1.62,0,1,6,13,26,13,10.56,362,114,0
1,1,0.43,4,2,1.7,1,0,9,0,23,11,9.78,157,85,0
3,3,0.75,5,3,1.25,1,0,1,0,18,11,4.49,139,65,0
4,2,0.6,1,1,0.15,0,2,11,3,11,8,1.64,128,129,1
0,0,0.0,2,2,0.32,0,0,8,3,18,7,2.88,136,31,0
7,5,1.04,5,4,0.74,0,1,0,12,17,8,2.53,175,36,0
4,3,0.78,3,2,0.59,0,1,8,6,20,7,3.92,78,25,0
4,3,0.86,0,0,0.0,0,3,4,4,8,5,1.72,171,93,1
0,0,0.0,1,1,0.35,0,1,1,6,5,3,1.73,84,191,1
3,2,0.76,2,1,0.5,0,0,0,2,11,8,2.77,145,117,1
0,0,0.0,0,0,0.0,0,1,0,7,20,9,4.34,162,38,0
0,0,0.0,2,1,0.79,0,3,4,2,27,20,10.67,424,89,0
7,5,2.11,0,0,0.0,0,3,1,2,6,2,1.81,51,198,1
0,0,0.0,5,3,0.89,1,1,10,8,26,15,4.65,205,11,0
10,8,1.56,5,3,0.78,1,0,0,10,16,5,2.49,74,109,0
1,1,0.13,0,0,0.0,0,3,0,3,1,1,0.13,31,185,1
0,0,0.0,9,4,1.18,2,0,0,9,22,12,2.9,197,23,0
1,1,0.17,3,2,0.51,0,2,9,0,8,5,1.37,98,128,1
10,6,2.21,4,3,0.88,0,1,1,12,19,13,4.2,413,88,0
2,1,0.34,0,0,0.0,0,0,2,11,19,7,3.27,186,60,0
4,2,0.6,1,1,0.15,0,0,0,8,18,6,2.68,111,53,0
0,0,0.0,2,1,0.74,0,0,10,14,24,17,8.86,461,25,0
1,1,0.22,0,0,0.0,0,2,2,2,2,1,0.45,10,143,1
0,0,0.0,6,4,0.85,1,3,7,7,23,8,3.27,227,99,0
1,1,0.23,3,2,0.7,0,0,4,16,21,11,4.88,244,80,0
9,7,1.66,6,3,1.1,1,3,8,3,22,13,4.05,394,62,0
2,1,0.36,6,4,1.09,1,0,0,8,22,7,3.98,237,44,0
3,2,0.97,2,1,0.64,0,1,4,4,4,2,1.29,66,113,1
9,7,2.16,0,0,0.0,0,0,6,7,24,8,5.75,262,51,0
0,0,0.0,3,2,0.75,0,3,7,3,21,10,5.24,228,159,1
0,0,0.0,5,2,2.32,1,2,4,2,20,14,9.27,266,64,0
0,0,0.0,4,1,1.86,1,2,5,4,15,11,6.99,238,73,0
7,6,1.0,2,1,0.29,0,3,4,11,20,12,2.86,327,82,0
1,1,0.27,4,2,1.1,1,2,6,1,26,10,7.15,321,36,0
7,6,1.37,0,0,0.0,0,3,4,9,19,13,3.72,197,54,0
7,4,1.85,0,0,0.0,0,2,3,0,13,7,3.43,231,208,1
0,0,0.0,0,0,0.0,0,3,0,0,32,12,4.19,365,41,0
2,1,0.56,8,6,2.25,0,1,4,1,28,20,7.87,689,40,0
3,2,0.66,3,2,0.66,0,0,1,4,13,8,2.84,256,177,1
0,0,0.0,9,5,1.24,1,1,10,7,18,11,2.49,187,34,0
0,0,0.0,4,2,0.57,0,0,4,1,17,11,2.41,139,18,0
1,1,0.32,1,1,0.32,0,1,2,0,0,0,0.0,0,163,1
2,1,0.29,0,0,0.0,0,1,2,3,0,0,0.0,0,164,1
4,2,0.84,0,0,0.0,0,2,7,2,8,5,1.68,127,201,1
15,10,3.06,1,1,0.2,0,0,0,13,15,6,3.06,181,55,0
0,0,0.0,4,2,1.43,1,0,3,0,8,4,2.86,130,116,1
0,0,0.0,5,3,2.01,0,1,0,5,0,0,0.0,0,106,1
10,4,1.57,1,1,0.16,0,3,0,3,19,12,2.98,122,76,0
1,1,0.2,3,1,0.6,1,1,11,0,7,4,1.41,59,85,1
0,0,0.0,6,2,1.3,2,1,5,7,22,14,4.76,175,30,0
0,0,0.0,3,2,0.47,0,2,0,6,22,15,3.45,286,81,0
12,7,1.82,7,3,1.06,2,2,3,0,23,14,3.49,315,111,0
0,0,0.0,9,6,3.05,1,0,6,3,14,6,4.74,67,29,0
10,5,1.77,3,2,0.53,0,1,4,0,23,10,4.06,187,75,0
13,6,4.62,8,6,2.84,1,0,3,0,19,8,6.76,116,82,0
2,1,0.31,1,1,0.15,0,3,9,7,15,5,2.3,131,30,0
11,6,1.85,4,2,0.67,1,0,1,1,22,9,3.7,194,146,0
0,0,0.0,6,4,0.78,0,1,3,1,18,7,2.33,157,69,0
14,6,5.8,13,10,5.39,1,0,3,1,3,2,1.24,41,244,1
4,3,1.71,4,2,1.71,1,0,6,0,0,0,0.0,0,120,1
4,3,1.08,3,2,0.81,0,2,2,1,3,1,0.81,15,160,1
2,1,0.56,1,1,0.28,0,0,8,1,1,1,0.28,23,150,1
3,2,0.86,4,3,1.15,0,0,2,0,19,12,5.46,341,17,0
3,2,0.4,1,1,0.13,0,1,5,0,16,5,2.15,120,162,1
6,5,1.72,0,0,0.0,0,0,2,0,3,2,0.86,66,128,1
9,6,2.48,5,4,1.38,0,0,3,9,21,12,5.78,233,83,0
10,5,1.53,7,4,1.07,1,3,9,1,17,8,2.59,173,169,0
1,1,0.21,2,2,0.43,0,2,0,2,8,5,1.7,61,157,1
3,2,0.45,1,1,0.15,0,3,0,2,1,1,0.15,25,196,1
8,7,3.34,3,2,1.25,0,3,3,5,0,0,0.0,0,171,1
4,3,0.81,2,1,0.41,0,2,2,1,5,2,1.02,28,138,1
1,1,0.45,0,0,0.0,0,0,6,1,19,13,8.63,307,142,1
3,2,1.26,0,0,0.0,0,2,6,0,14,7,5.89,163,113,0
2,2,0.27,3,2,0.4,0,3,10,11,29,17,3.9,202,24,0
4,3,1.41,2,1,0.71,0,2,2,1,10,4,3.53,110,123,1
6,3,1.16,2,1,0.39,0,1,7,4,17,10,3.27,256,104,0
6,2,1.34,0,0,0.0,0,0,8,5,21,14,4.7,206,77,0
0,0,0.0,2,1,0.49,0,3,6,6,20,10,4.9,217,52,0
0,0,0.0,0,0,0.0,0,2,3,0,21,12,2.84,336,99,0
0,0,0.0,1,1,0.47,0,3,6,3,5,3,2.35,70,128,1
5,2,0.84,5,2,0.84,1,0,7,10,21,15,3.51,298,84,0
4,3,0.51,4,2,0.51,1,0,0,0,27,14,3.47,253,28,0
5,3,0.93,7,4,1.31,1,0,5,1,21,14,3.92,354,101,0
0,0,0.0,3,1,0.39,1,2,3,8,21,14,2.76,469,68,0
3,2,1.3,10,4,4.32,2,0,3,1,16,8,6.92,214,54,0
0,0,0.0,4,2,0.89,1,0,3,10,18,7,3.99,83,11,0
5,3,1.4,0,0,0.0,0,3,3,5,26,13,7.3,280,80,0
0,0,0.0,3,2,0.47,0,0,5,11,20,13,3.13,420,11,0
0,0,0.0,0,0,0.0,0,3,8,5,4,2,0.51,25,136,1
0,0,0.0,6,5,1.7,0,1,0,3,19,10,5.37,347,65,0
5,4,0.84,4,2,0.68,0,3,0,0,10,7,1.69,236,88,1
5,4,1.57,1,1,0.31,0,1,10,6,11,5,3.45,60,122,1
1,1,0.19,2,1,0.37,0,3,6,5,17,10,3.15,333,69,0
8,7,1.67,7,3,1.46,1,3,5,9,23,9,4.81,172,29,0
1,1,0.13,1,1,0.13,0,0,1,9,22,8,2.81,249,38,0
2,1,0.35,4,2,0.71,0,0,9,6,21,14,3.72,286,34,0
0,0,0.0,6,2,1.46,1,0,5,0,23,8,5.61,168,62,0
11,9,4.1,0,0,0.0,0,2,9,3,25,11,9.31,284,85,0
2,1,0.69,0,0,0.0,0,3,3,13,19,13,6.53,382,84,0
0,0,0.0,0,0,0.0,0,1,0,0,0,0,0.0,0,191,1
0,0,0.0,1,1,0.29,0,2,7,4,22,16,6.28,397,173,1
2,2,0.28,7,3,0.99,2,0,7,3,20,15,2.82,220,17,0
0,0,0.0,0,0,0.0,0,3,4,2,4,2,0.75,37,163,1
6,3,1.17,7,3,1.36,1,3,8,0,21,7,4.09,131,129,0
3,2,1.12,9,5,3.35,2,0,0,6,22,14,8.18,304,35,0
0,0,0.0,0,0,0.0,0,1,2,4,7,4,0.98,73,124,1
0,0,0.0,3,1,0.47,1,0,0,11,20,7,3.16,89,19,0
7,3,2.91,1,1,0.42,0,1,7,2,22,14,9.14,191,88,0
0,0,0.0,6,3,0.96,1,1,5,16,20,6,3.2,65,71,0
0,0,0.0,3,1,0.57,1,0,5,1,18,12,3.42,261,68,0
1,1,0.4,0,0,0.0,0,1,4,0,23,8,9.24,271,88,0
0,0,0.0,0,0,0.0,0,0,10,2,1,1,0.21,13,83,1
6,5,1.22,0,0,0.0,0,1,6,0,22,8,4.48,269,31,0
0,0,0.0,3,2,1.0,0,1,0,5,7,5,2.34,142,159,1
5,3,0.65,4,2,0.52,0,0,6,6,20,12,2.61,311,91,0
1,1,0.14,5,2,0.7,1,2,2,4,20,13,2.82,340,65,0
0,0,0.0,7,4,1.16,1,2,1,11,22,11,3.66,337,58,0
2,1,0.42,8,4,1.68,1,1,3,15,24,11,5.03,139,81,0
2,1,0.45,4,2,0.89,1,0,8,9,13,5,2.91,113,81,0
8,6,1.35,10,4,1.69,2,2,5,0,14,7,2.37,192,107,0
2,1,0.38,4,2,0.76,1,3,4,2,17,9,3.22,222,181,1
15,11,6.32,4,2,1.69,1,0,10,5,14,8,5.9,247,131,0
0,0,0.0,1,1,0.2,0,0,3,4,14,6,2.76,71,91,1
3,1,0.44,5,2,0.73,1,0,11,9,23,17,3.36,464,91,0
7,3,1.47,2,1,0.42,0,1,2,3,10,4,2.1,93,217,1
0,0,0.0,3,2,1.3,0,0,2,0,22,16,9.52,312,84,1
10,7,1.49,0,0,0.0,0,1,10,9,21,6,3.13,111,122,0
8,5,2.49,0,0,0.0,0,2,1,1,22,11,6.86,281,119,0
0,0,0.0,0,0,0.0,0,1,5,9,9,4,2.53,129,120,1
5,4,1.67,1,1,0.33,0,1,0,1,19,10,6.36,224,75,0
4,2,1.0,5,4,1.26,0,1,11,5,21,12,5.27,367,36,0
0,0,0.0,1,1,0.15,0,1,6,6,21,10,3.21,201,97,0
0,0,0.0,0,0,0.0,0,0,6,12,16,8,3.13,100,83,0
0,0,0.0,0,0,0.0,0,0,8,0,1,1,0.31,12,124,1
4,3,0.55,4,3,0.55,0,3,1,2,20,12,2.75,135,100,1
7,6,0.96,4,3,0.55,0,0,6,5,18,12,2.47,234,70,0
10,8,1.38,1,1,0.14,0,2,4,2,16,7,2.22,129,64,0
4,2,1.17,3,1,0.87,1,3,2,1,14,8,4.08,224,35,0
0,0,0.0,6,3,1.27,1,0,4,3,18,10,3.82,286,59,0
3,2,0.38,5,3,0.63,1,1,11,14,15,7,1.9,79,53,0
1,1,0.15,1,1,0.15,0,1,2,1,5,3,0.75,47,178,1
6,4,2.77,5,3,2.31,0,3,0,1,18,8,8.32,135,96,0
2,2,0.84,4,3,1.67,0,3,8,3,23,8,9.62,190,92,0
11,7,2.3,1,1,0.21,0,2,9,3,21,8,4.39,109,137,0
4,2,0.54,4,3,0.54,0,0,11,2,2,1,0.27,13,168,1
0,0,0.0,7,4,1.34,1,2,3,6,19,12,3.63,403,29,0
4,2,0.8,1,1,0.2,0,1,6,4,6,4,1.2,120,146,1
9,4,3.42,5,3,1.9,1,1,3,3,27,20,10.26,290,91,0
4,2,0.67,0,0,0.0,0,0,6,10,17,11,2.86,222,94,0
0,0,0.0,4,2,0.58,1,0,0,8,16,5,2.31,94,95,0
0,0,0.0,7,3,1.63,1,2,2,4,20,14,4.67,417,75,0
0,0,0.0,1,1,0.15,0,1,0,1,5,3,0.75,68,194,1
0,0,0.0,4,2,0.51,0,0,1,1,20,10,2.57,132,67,0
0,0,0.0,0,0,0.0,0,1,1,0,7,4,2.17,114,85,1
7,4,1.36,5,3,0.97,0,3,6,3,23,17,4.47,339,92,0
13,10,3.49,1,1,0.27,0,2,12,3,21,11,5.64,182,53,0
6,4,0.89,0,0,0.0,0,0,8,2,5,4,0.74,78,142,1
3,2,0.55,4,2,0.73,1,0,4,13,19,6,3.48,135,83,0
0,0,0.0,2,1,0.34,0,0,3,0,20,8,3.44,149,49,0
2,1,0.29,1,1,0.15,0,3,3,1,19,9,2.8,144,72,0
0,0,0.0,0,0,0.0,0,1,15,3,0,0,0.0,0,199,1
5,2,0.67,0,0,0.0,0,1,0,0,0,0,0.0,0,149,1
10,5,1.92,0,0,0.0,0,1,3,1,12,9,2.31,264,247,1
0,0,0.0,2,1,0.68,0,1,4,2,17,8,5.77,114,52,0
4,2,0.65,2,1,0.32,0,3,0,0,17,5,2.75,55,61,0
2,1,0.3,0,0,0.0,0,1,4,0,11,7,1.63,184,181,1
1,1,0.26,0,0,0.0,0,0,2,0,19,11,4.87,323,51,0
10,5,1.4,7,5,0.98,1,0,5,8,18,7,2.52,212,117,0
1,1,0.13,3,1,0.4,0,1,2,5,11,6,1.48,134,144,1
0,0,0.0,2,2,0.55,0,3,8,5,14,9,3.82,136,115,1
4,3,0.51,0,0,0.0,0,0,6,5,19,12,2.4,341,96,0
0,0,0.0,9,5,3.16,2,3,7,11,18,9,6.33,247,34,0
0,0,0.0,4,2,1.25,1,2,1,6,26,11,8.09,178,13,0
3,2,0.97,1,1,0.32,0,0,0,7,18,13,5.8,424,40,0
0,0,0.0,3,2,0.41,0,0,4,5,21,13,2.85,164,35,0
1,1,0.17,6,3,1.01,1,0,8,13,23,11,3.88,380,92,0
1,1,0.34,1,1,0.34,0,2,5,7,4,2,1.37,63,185,1
0,0,0.0,2,1,0.43,0,0,5,3,18,11,3.88,299,17,0
5,3,0.88,0,0,0.0,0,1,10,1,18,7,3.16,234,33,0
7,5,2.8,4,3,1.6,0,1,0,5,24,9,9.6,253,54,0
10,7,1.37,0,0,0.0,0,2,0,9,24,13,3.29,192,83,0
6,3,0.88,0,0,0.0,0,0,2,1,6,3,0.88,63,204,1
0,0,0.0,0,0,0.0,0,1,0,8,19,11,3.78,130,87,0
0,0,0.0,2,1,0.26,0,1,2,5,9,3,1.15,59,125,1
6,4,1.33,4,3,0.89,0,1,4,4,14,8,3.11,228,173,1
0,0,0.0,1,1,0.13,0,3,0,1,11,5,1.39,98,82,1
4,2,0.67,3,1,0.5,1,0,1,5,16,5,2.66,91,56,0
0,0,0.0,6,2,1.03,1,3,8,5,22,8,3.79,199,42,0
2,1,0.67,10,7,3.34,1,2,11,5,21,15,7.01,477,98,0
9,4,1.23,4,3,0.55,0,1,9,4,18,12,2.47,134,120,0
9,5,1.97,4,3,0.88,0,2,4,6,21,9,4.6,177,108,0
0,0,0.0,3,2,1.01,0,1,0,4,20,13,6.73,181,54,0
1,1,0.48,1,1,0.48,0,0,1,2,16,9,7.71,246,115,1
7,4,1.31,5,3,0.93,0,2,12,13,19,14,3.55,177,44,0
9,6,1.74,7,4,1.36,1,1,3,3,23,11,4.45,293,87,0
3,1,0.47,3,1,0.47,1,2,2,1,25,15,3.96,257,99,0
0,0,0.0,2,1,0.27,0,0,0,4,19,6,2.59,90,29,0
0,0,0.0,2,2,0.81,0,3,15,1,0,0,0.0,0,117,1
0,0,0.0,8,3,1.25,1,1,2,5,21,15,3.29,157,83,0
3,2,0.96,1,1,0.32,0,0,4,7,21,11,6.72,230,59,0
7,4,0.98,0,0,0.0,0,1,2,11,21,9,2.94,95,109,0
3,1,0.43,0,0,0.0,0,2,3,3,5,2,0.72,44,189,1
5,3,0.95,5,4,0.95,0,2,4,2,0,0,0.0,0,217,1
15,7,2.4,0,0,0.0,0,1,7,8,21,12,3.35,216,162,0
0,0,0.0,9,5,2.32,2,3,13,3,18,8,4.63,106,99,0
0,0,0.0,7,5,1.45,1,0,6,2,15,11,3.11,214,41,0
3,2,0.43,6,3,0.87,1,1,7,7,22,7,3.17,188,58,0
5,3,1.05,3,2,0.63,0,3,2,0,0,0,0.0,0,160,1
5,4,1.21,5,3,1.21,1,3,3,4,25,18,6.03,419,36,0
6,5,1.21,5,3,1.01,1,2,1,7,26,12,5.24,297,79,0
0,0,0.0,1,1,0.14,0,3,1,2,0,0,0.0,0,183,1
5,2,1.25,1,1,0.25,0,0,10,5,19,10,4.74,172,80,0
6,4,1.97,0,0,0.0,0,3,6,6,11,7,3.62,98,181,1
0,0,0.0,0,0,0.0,0,0,2,1,2,1,0.32,16,124,1
9,7,1.29,3,1,0.43,1,0,15,19,22,16,3.16,250,64,0
12,7,4.61,2,1,0.77,0,0,17,6,22,14,8.45,322,99,0
3,1,0.87,2,1,0.58,0,1,0,7,4,2,1.16,48,144,1
4,2,1.4,6,3,2.1,1,0,2,4,25,16,8.77,538,104,0
2,1,0.49,0,0,0.0,0,0,0,4,4,2,0.98,30,113,1
4,3,0.85,0,0,0.0,0,0,1,1,15,7,3.19,182,72,0
2,1,0.31,2,2,0.31,0,0,9,7,19,12,2.93,365,87,0
6,3,1.02,3,2,0.51,0,1,3,11,24,18,4.06,432,52,0
5,4,0.87,5,3,0.87,0,1,6,0,15,5,2.62,82,125,1
0,0,0.0,4,1,0.97,1,0,1,3,16,8,3.89,133,70,0
0,0,0.0,3,1,0.43,1,2,3,7,17,9,2.41,99,171,1
1,1,0.21,3,2,0.62,0,3,1,8,13,6,2.69,106,119,1
0,0,0.0,0,0,0.0,0,2,5,0,16,7,2.03,200,41,0
2,1,0.34,8,6,1.38,1,0,0,8,16,5,2.76,56,93,0
4,2,1.45,0,0,0.0,0,2,4,0,0,0,0.0,0,132,1
5,2,0.83,9,3,1.49,2,0,6,1,23,11,3.8,304,59,0
1,1,0.25,1,1,0.25,0,0,2,1,17,7,4.3,207,90,1
7,3,1.14,0,0,0.0,0,0,0,4,10,7,1.63,150,232,1
1,1,0.41,6,2,2.48,1,3,13,15,20,13,8.27,357,18,0
4,2,1.31,1,1,0.33,0,0,7,9,21,11,6.89,217,86,0
0,0,0.0,0,0,0.0,0,0,6,1,4,2,0.56,28,163,1
5,3,1.49,5,3,1.49,1,0,10,12,24,14,7.14,279,69,0
0,0,0.0,0,0,0.0,0,3,0,0,21,9,2.99,220,78,0
0,0,0.0,0,0,0.0,0,2,0,1,20,8,5.44,270,36,0
1,1,0.17,1,1,0.17,0,0,10,10,22,14,3.76,164,79,0
8,7,1.3,0,0,0.0,0,1,2,0,23,7,3.73,159,83,0
1,1,0.2,9,5,1.77,2,1,9,0,22,8,4.33,146,32,0
6,5,1.57,1,1,0.26,0,2,2,2,18,5,4.7,114,173,1
9,5,2.75,5,2,1.53,1,0,8,3,19,7,5.8,74,110,0
7,3,3.18,0,0,0.0,0,3,9,9,21,7,9.55,125,101,0
3,2,0.78,0,0,0.0,0,0,6,2,17,13,4.45,396,159,1
0,0,0.0,3,2,0.51,0,2,0,0,2,1,0.34,24,161,1
9,6,1.18,5,3,0.66,1,0,4,1,19,7,2.49,149,121,0
0,0,0.0,5,4,0.69,0,1,3,2,10,4,1.38,69,91,1
2,1,0.3,5,3,0.76,1,1,10,7,15,11,2.27,192,40,0
11,8,1.63,3,1,0.45,1,1,2,0,18,10,2.67,196,95,0
2,1,0.33,0,0,0.0,0,0,13,6,10,5,1.67,154,168,1
3,2,0.84,4,3,1.12,0,2,1,9,20,14,5.62,479,72,0
10,6,1.34,2,1,0.27,0,0,3,1,18,9,2.42,189,121,1
18,11,2.99,2,1,0.33,0,2,6,6,19,9,3.15,179,126,0
0,0,0.0,13,6,2.42,3,3,7,3,22,9,4.1,280,83,0
14,6,5.25,5,3,1.88,1,1,0,3,24,11,9.0,227,123,0
7,5,1.49,3,1,0.64,1,2,4,3,5,2,1.07,48,123,1
3,2,0.63,4,3,0.84,0,2,3,2,12,7,2.52,110,187,1
2,1,0.28,1,1,0.14,0,1,5,5,19,8,2.64,229,132,1
5,2,0.95,0,0,0.0,0,3,0,4,9,5,1.7,116,175,1
2,1,0.47,10,5,2.34,1,0,0,5,18,6,4.2,181,33,0
10,6,1.27,4,3,0.51,0,1,5,11,15,6,1.91,177,93,0
0,0,0.0,5,3,1.88,1,2,6,0,17,8,6.38,123,33,0
0,0,0.0,0,0,0.0,0,1,2,2,0,0,0.0,0,153,1
5,2,2.22,1,1,0.44,0,0,0,7,6,3,2.66,90,210,1
2,1,0.31,0,0,0.0,0,1,9,9,19,11,2.95,205,36,0
3,3,0.4,9,7,1.2,1,3,1,10,21,9,2.8,129,89,0
0,0,0.0,3,2,0.82,0,3,2,1,8,3,2.17,30,173,1
8,6,1.12,7,3,0.98,1,1,4,5,18,6,2.52,128,109,0
5,3,1.33,0,0,0.0,0,2,8,3,10,4,2.66,75,111,1
0,0,0.0,3,2,0.4,0,3,0,8,20,7,2.68,167,40,0
7,5,1.07,5,2,0.77,1,0,0,5,26,10,3.99,147,35,0
0,0,0.0,2,1,0.29,0,0,9,0,20,13,2.93,409,25,0
2,1,0.95,2,1,0.95,0,2,0,5,6,2,2.85,33,167,1
0,0,0.0,5,3,0.64,1,3,4,8,17,9,2.19,141,60,0
2,1,0.31,6,5,0.94,0,3,8,2,16,8,2.52,176,30,0
11,9,2.87,1,1,0.26,0,1,0,6,17,9,4.44,202,33,0
11,9,1.58,6,3,0.86,1,0,3,1,20,11,2.87,169,28,0
13,11,3.52,2,1,0.54,0,1,5,2,22,10,5.96,168,90,0
1,1,0.14,7,4,0.97,1,0,13,1,17,7,2.35,100,74,0
0,0,0.0,2,1,0.75,0,0,0,3,11,7,4.11,196,133,1
0,0,0.0,11,6,1.77,1,2,4,8,23,16,3.7,468,60,0
0,0,0.0,0,0,0.0,0,0,13,4,1,1,0.19,22,128,1
0,0,0.0,6,5,2.33,0,3,9,3,19,7,7.37,195,91,0
9,7,2.61,6,3,1.74,1,1,13,22,22,15,6.37,426,112,0
5,3,2.41,3,2,1.45,0,1,3,3,18,8,8.68,108,93,0
2,2,0.42,4,3,0.83,0,0,4,5,13,7,2.7,239,131,1
0,0,0.0,0,0,0.0,0,0,2,5,22,10,5.78,305,83,0
8,6,1.43,3,1,0.54,1,0,1,3,20,7,3.58,106,203,1
1,1,0.26,1,1,0.26,0,3,4,0,4,2,1.06,29,112,1
2,1,0.53,1,1,0.26,0,3,0,2,11,6,2.9,79,139,1
0,0,0.0,3,1,0.46,1,1,0,0,23,9,3.56,121,30,0
0,0,0.0,4,3,1.75,0,0,3,4,28,14,12.23,402,39,0
6,4,0.81,6,3,0.81,1,3,0,6,20,13,2.7,283,81,0
2,1,0.28,5,3,0.7,1,0,0,2,11,6,1.55,177,169,1
8,4,1.33,5,2,0.83,1,0,7,6,20,7,3.33,201,90,0
0,0,0.0,5,3,0.9,0,1,0,4,13,7,2.34,176,141,1
0,0,0.0,0,0,0.0,0,3,7,3,0,0,0.0,0,143,1
0,0,0.0,7,5,2.25,1,0,10,6,18,12,5.78,126,63,0
0,0,0.0,0,0,0.0,0,0,9,4,4,2,1.62,36,135,1
2,1,0.58,1,1,0.29,0,3,6,1,19,7,5.53,182,84,0
2,1,0.3,3,2,0.44,0,0,1,7,3,2,0.44,20,121,1
2,1,0.91,1,1,0.45,0,0,0,6,9,5,4.08,54,199,1
11,8,2.0,7,5,1.27,1,1,7,5,20,6,3.64,188,94,0
11,7,1.38,0,0,0.0,0,3,15,0,24,12,3.01,325,64,0
6,3,0.84,5,2,0.7,1,1,1,0,26,12,3.64,200,128,0
5,4,0.97,1,1,0.19,0,3,6,4,5,3,0.97,82,179,1
0,0,0.0,6,4,2.52,1,2,3,8,22,9,9.24,268,18,0
9,6,1.29,0,0,0.0,0,0,0,6,16,9,2.29,159,115,0
7,6,1.25,4,2,0.72,1,3,1,0,25,18,4.47,196,35,0
2,1,0.74,0,0,0.0,0,1,7,0,2,1,0.74,33,197,1
3,1,1.17,5,4,1.95,0,0,8,6,20,14,7.8,261,24,0
0,0,0.0,1,1,0.13,0,1,9,2,4,3,0.54,38,166,1
3,2,0.5,0,0,0.0,0,0,0,9,6,2,1.0,45,197,1
10,6,1.43,6,4,0.86,0,0,6,4,17,10,2.44,292,68,0
6,3,0.82,2,1,0.27,0,0,0,2,15,7,2.06,109,109,0
11,8,2.03,5,2,0.92,1,1,0,3,24,16,4.42,268,128,0
1,1,0.2,0,0,0.0,0,3,3,6,9,4,1.76,64,83,1
3,2,0.65,2,1,0.44,0,1,5,0,10,7,2.18,244,140,1
0,0,0.0,2,1,0.51,0,3,10,1,12,7,3.08,105,187,1
3,2,0.65,0,0,0.0,0,0,0,2,10,7,2.17,171,119,1
4,2,0.6,5,2,0.75,1,0,2,2,21,7,3.16,232,42,0
4,2,0.71,1,1,0.18,0,0,6,3,2,1,0.36,14,143,1
5,3,0.68,3,2,0.41,0,0,6,3,14,9,1.9,308,173,1
0,0,0.0,4,2,0.86,0,0,0,5,17,5,3.65,168,65,0
0,0,0.0,1,1,0.18,0,2,5,4,16,11,2.84,353,167,1
1,1,0.17,5,2,0.86,1,3,5,9,23,7,3.97,108,59,0
4,3,0.72,7,4,1.26,1,3,4,4,10,6,1.8,155,175,1
2,2,0.32,7,4,1.13,1,0,6,7,25,12,4.02,348,94,0
7,4,2.04,6,3,1.75,1,3,0,8,22,13,6.42,450,79,0
0,0,0.0,0,0,0.0,0,0,3,2,16,10,3.15,145,112,1
0,0,0.0,4,2,1.52,1,0,1,3,8,4,3.05,117,98,1
0,0,0.0,0,0,0.0,0,3,3,2,14,5,3.25,92,91,1
5,2,1.02,8,4,1.62,1,2,9,3,17,6,3.45,86,46,0
9,5,1.52,0,0,0.0,0,0,6,3,23,13,3.89,267,78,0
3,2,0.39,1,1,0.13,0,1,2,0,4,2,0.52,60,104,1
2,1,0.36,0,0,0.0,0,0,0,3,0,0,0.0,0,123,1
0,0,0.0,6,4,0.93,0,2,1,2,17,9,2.63,211,26,0
7,5,1.39,0,0,0.0,0,1,7,5,20,10,3.97,349,113,0
0,0,0.0,0,0,0.0,0,3,7,6,17,8,2.93,160,79,0
1,1,0.41,2,2,0.82,0,0,1,0,7,2,2.89,51,171,1
8,6,2.27,2,1,0.57,0,1,0,13,17,8,4.82,153,99,0
2,1,0.48,2,1,0.48,0,1,8,7,20,15,4.79,297,102,0
0,0,0.0,5,2,1.03,1,1,0,3,10,7,2.07,192,196,1
7,4,3.08,0,0,0.0,0,0,1,3,0,0,0.0,0,116,1
8,4,2.82,3,2,1.06,0,2,12,9,19,11,6.69,259,97,0
12,10,3.28,3,1,0.82,1,3,2,3,22,15,6.01,438,106,0
0,0,0.0,0,0,0.0,0,3,6,7,21,10,2.68,122,13,0
0,0,0.0,2,1,0.5,0,3,10,3,20,6,5.01,92,121,1
7,4,1.43,3,1,0.61,0,3,0,4,20,7,4.09,158,89,0
7,6,2.2,2,2,0.63,0,1,3,3,11,6,3.46,63,172,1
0,0,0.0,5,2,0.88,1,3,0,0,0,0,0.0,0,151,1
4,3,1.09,4,2,1.09,1,0,3,9,24,15,6.51,344,31,0
4,3,1.23,4,2,1.23,0,1,5,4,23,8,7.09,83,88,0
0,0,0.0,5,3,0.98,0,0,0,3,3,1,0.59,17,168,1
4,2,1.97,3,1,1.48,1,1,12,5,20,13,9.84,297,73,0
6,5,2.93,0,0,0.0,0,0,0,0,20,14,9.78,341,108,0
3,2,0.91,4,2,1.21,1,3,0,1,4,2,1.21,66,148,1
14,9,6.31,4,2,1.8,1,0,8,4,20,12,9.01,314,79,0
4,3,1.51,0,0,0.0,0,0,0,4,4,1,1.51,20,170,1
1,1,0.25,5,3,1.24,0,1,0,7,17,11,4.22,366,49,0
5,4,0.73,3,1,0.44,1,0,0,1,18,12,2.64,355,67,0
0,0,0.0,3,2,0.55,0,0,3,4,23,10,4.23,150,15,0
5,3,0.99,7,5,1.38,1,0,3,4,27,17,5.32,226,84,0
2,1,0.53,2,2,0.53,0,1,2,0,19,8,5.05,215,101,1
0,0,0.0,4,2,0.53,1,1,6,0,19,6,2.5,144,84,0
10,7,2.28,4,3,0.91,0,2,4,1,15,6,3.42,178,119,0
0,0,0.0,4,2,1.59,1,2,5,4,13,5,5.15,142,195,1
4,3,0.7,0,0,0.0,0,1,6,2,7,3,1.23,77,104,1
3,2,1.12,0,0,0.0,0,0,1,3,5,2,1.86,69,172,1
4,2,0.98,7,3,1.72,2,0,13,15,20,11,4.91,257,78,0
0,0,0.0,6,4,1.19,1,2,4,1,23,12,4.56,154,36,0
0,0,0.0,0,0,0.0,0,0,9,3,0,0,0.0,0,141,1
1,1,0.2,0,0,0.0,0,0,2,0,9,3,1.81,49,136,1
4,3,0.64,9,6,1.45,1,2,2,3,20,11,3.22,324,24,0
1,1,0.13,3,1,0.38,1,1,4,1,12,6,1.51,204,193,1
4,3,1.43,1,1,0.36,0,0,4,3,7,3,2.51,82,186,1
0,0,0.0,4,2,1.1,1,0,6,0,10,7,2.74,174,152,1
7,4,1.6,2,1,0.46,0,3,5,1,14,9,3.21,194,151,1
0,0,0.0,1,1,0.22,0,3,7,4,9,6,1.99,115,123,1
2,1,0.45,5,3,1.12,1,2,6,7,15,8,3.36,151,62,0
0,0,0.0,1,1,0.13,0,1,1,0,10,4,1.34,104,152,1
6,2,0.95,3,2,0.48,0,1,0,1,23,14,3.66,403,80,0
0,0,0.0,3,2,0.53,0,3,1,4,20,8,3.54,216,23,0
5,3,1.3,3,1,0.78,1,3,6,16,28,14,7.26,209,87,0
0,0,0.0,3,1,0.43,0,0,8,11,24,8,3.46,179,94,0
1,1,0.13,0,0,0.0,0,3,1,0,3,2,0.39,60,118,1
2,1,0.29,3,2,0.43,0,0,7,6,18,6,2.6,131,88,0
3,2,1.49,2,1,1.0,0,0,0,2,4,3,1.99,70,102,1
0,0,0.0,0,0,0.0,0,2,3,9,20,14,3.44,410,44,0
0,0,0.0,0,0,0.0,0,1,4,2,15,8,6.5,212,83,1
8,4,2.26,2,1,0.56,0,3,7,7,24,15,6.77,304,67,0
1,1,0.42,3,2,1.27,0,0,6,2,6,3,2.55,97,97,1
1,1,0.18,4,3,0.71,0,1,0,2,14,9,2.49,127,44,0
3,1,0.49,0,0,0.0,0,3,6,3,12,6,1.96,209,62,0
5,3,1.86,2,1,0.74,0,3,12,5,21,14,7.82,182,53,0
3,2,0.7,7,3,1.63,2,0,7,8,19,10,4.42,104,84,0
4,3,0.84,0,0,0.0,0,1,9,12,22,16,4.64,516,103,0
1,1,0.24,1,1,0.24,0,2,5,2,5,3,1.19,48,101,1
4,3,1.47,2,2,0.73,0,0,3,4,13,7,4.77,198,192,1
3,2,0.66,4,3,0.89,0,3,0,7,6,4,1.33,121,138,1
5,2,0.77,1,1,0.15,0,3,13,12,16,11,2.46,346,112,0
2,1,0.82,1,1,0.41,0,0,4,2,3,2,1.24,70,107,1
4,2,1.61,4,2,1.61,0,0,2,6,4,2,1.61,35,139,1
5,4,1.21,5,3,1.21,0,0,4,6,17,9,4.12,250,38,0
0,0,0.0,5,2,0.65,1,3,8,7,26,19,3.4,245,50,0
0,0,0.0,5,3,0.83,1,0,0,5,0,0,0.0,0,194,1
3,1,0.49,2,2,0.33,0,1,7,2,20,13,3.29,406,108,0
0,0,0.0,0,0,0.0,0,1,8,3,4,1,0.96,19,97,1
2,1,0.36,2,1,0.36,0,1,3,5,21,11,3.78,273,24,0
1,1,0.49,4,2,1.94,1,0,8,9,18,11,8.73,249,56,0
0,0,0.0,0,0,0.0,0,0,2,1,1,1,0.17,26,127,1
1,1,0.13,0,0,0.0,0,3,11,2,23,7,3.07,240,47,0
2,1,0.35,6,4,1.06,1,3,7,6,8,5,1.41,57,121,1
6,5,0.83,1,1,0.14,0,2,4,0,20,11,2.76,268,66,0
2,1,0.32,6,4,0.95,1,0,8,8,14,5,2.21,158,46,0
4,2,1.47,4,2,1.47,1,0,2,2,18,8,6.61,176,47,0
5,2,0.67,0,0,0.0,0,2,2,13,21,9,2.83,108,127,0
1,1,0.42,3,2,1.25,0,0,9,6,24,13,10.01,312,66,0
4,3,0.77,4,2,0.77,1,3,6,3,1,1,0.19,18,184,1
10,4,3.51,6,4,2.1,1,2,0,0,19,7,6.66,97,231,1
0,0,0.0,0,0,0.0,0,0,1,5,13,9,6.28,281,172,1
12,7,2.65,4,3,0.88,0,3,7,9,17,6,3.75,138,196,1
3,2,0.8,3,2,0.8,0,3,9,3,12,5,3.18,167,183,1
0,0,0.0,10,5,2.03,2,0,7,0,23,12,4.68,362,46,0
11,6,2.01,0,0,0.0,0,1,2,0,19,10,3.48,273,86,0
7,5,3.09,0,0,0.0,0,0,0,9,5,3,2.21,30,187,1
4,2,1.46,0,0,0.0,0,1,4,7,15,8,5.48,166,70,0
5,2,0.93,4,3,0.75,0,0,3,1,14,9,2.62,134,236,1
6,5,1.48,1,1,0.25,0,1,9,2,12,7,2.96,229,137,1
6,5,0.94,4,2,0.63,1,3,4,3,20,7,3.14,101,83,0
3,2,0.51,3,2,0.51,0,1,0,4,18,7,3.04,120,88,0
5,3,0.71,2,1,0.28,0,0,1,8,23,11,3.25,252,114,0
0,0,0.0,6,3,0.97,1,2,3,3,10,5,1.62,83,176,1
8,5,1.75,0,0,0.0,0,0,5,4,21,13,4.59,198,47,0
3,1,0.5,0,0,0.0,0,3,4,4,20,11,3.31,275,125,0
0,0,0.0,3,2,0.82,0,1,7,1,2,1,0.55,12,134,1
2,1,0.52,1,1,0.26,0,0,3,7,22,8,5.73,92,80,0
2,1,0.3,3,2,0.45,0,0,7,11,21,8,3.12,154,82,0
8,3,1.71,6,4,1.28,1,2,10,7,26,15,5.56,420,99,0
0,0,0.0,3,1,0.44,1,0,7,0,20,10,2.95,239,28,0
1,1,0.14,0,0,0.0,0,2,4,3,10,5,1.44,103,131,1
6,4,0.84,5,3,0.7,1,0,1,10,23,9,3.22,217,104,0
0,0,0.0,0,0,0.0,0,0,0,6,16,10,2.13,191,153,1
2,1,0.44,0,0,0.0,0,1,4,19,23,16,5.02,534,60,0
4,3,1.02,0,0,0.0,0,3,0,5,20,8,5.11,91,34,0
0,0,0.0,0,0,0.0,0,3,1,1,17,9,3.09,242,138,1
0,0,0.0,0,0,0.0,0,0,0,2,29,21,6.86,678,41,0
0,0,0.0,3,2,0.54,0,1,10,1,19,9,3.39,271,38,0
0,0,0.0,4,3,0.64,0,0,5,2,8,5,1.28,73,199,1
0,0,0.0,4,2,0.65,1,1,2,2,18,6,2.94,104,129,1
8,6,1.88,1,1,0.24,0,1,0,2,7,4,1.65,112,91,1
4,3,1.33,5,3,1.67,1,3,2,4,18,6,6.0,73,70,0
0,0,0.0,0,0,0.0,0,3,8,8,19,14,4.15,424,25,0
0,0,0.0,0,0,0.0,0,1,4,0,16,10,5.6,280,98,0
14,10,1.91,5,3,0.68,1,1,2,0,21,14,2.86,395,84,0
0,0,0.0,9,6,2.21,1,3,0,12,14,9,3.44,113,20,0
3,2,1.03,5,2,1.71,1,3,7,1,20,11,6.83,307,69,0
1,1,0.46,4,3,1.86,0,0,0,14,19,10,8.83,270,89,0
11,4,1.87,6,4,1.02,1,0,5,13,19,13,3.23,400,179,0
1,1,0.17,2,1,0.34,0,1,3,4,18,13,3.09,144,11,0
2,1,0.49,2,1,0.49,0,0,3,5,9,5,2.23,53,103,1
6,2,2.47,0,0,0.0,0,0,7,0,0,0,0.0,0,172,1
9,4,2.02,2,2,0.45,0,0,6,7,21,12,4.71,165,42,0
1,1,0.26,0,0,0.0,0,2,4,1,2,1,0.52,24,131,1
5,3,0.82,1,1,0.16,0,0,0,0,17,9,2.8,296,108,0
9,7,1.6,3,2,0.53,0,0,3,0,18,7,3.19,139,74,0
1,1,0.24,7,4,1.67,1,0,4,4,19,6,4.54,187,62,0
6,3,1.81,0,0,0.0,0,3,0,0,4,2,1.21,20,183,1
5,3,0.63,8,5,1.01,1,3,9,4,21,11,2.65,156,107,0
0,0,0.0,0,0,0.0,0,1,0,8,14,7,2.96,75,128,1
7,5,1.14,5,2,0.82,1,1,7,3,26,13,4.24,237,81,0
5,3,1.76,4,2,1.41,1,3,7,13,21,16,7.39,523,123,0
0,0,0.0,4,1,0.81,1,0,3,8,21,10,4.27,124,100,0
6,4,2.77,6,5,2.77,0,0,5,6,22,11,10.16,277,35,0
0,0,0.0,1,1,0.2,0,0,11,9,22,8,4.37,170,86,0
2,1,0.26,2,1,0.26,0,0,2,5,22,7,2.83,234,66,0
4,2,0.93,0,0,0.0,0,1,3,0,22,14,5.11,183,70,0
0,0,0.0,3,2,1.34,0,3,0,7,7,4,3.13,61,125,1
0,0,0.0,1,1,0.46,0,2,0,5,2,1,0.92,11,171,1
0,0,0.0,1,1,0.23,0,1,4,2,14,5,3.23,104,144,1
5,4,1.69,1,1,0.34,0,3,2,1,23,13,7.77,220,103,0
6,4,2.8,2,1,0.93,0,0,0,9,21,9,9.81,286,50,0
2,2,0.31,7,5,1.07,1,0,0,2,15,6,2.29,151,48,0
0,0,0.0,1,1,0.21,0,1,17,7,19,6,4.0,152,95,0
12,7,3.21,0,0,0.0,0,2,4,0,17,6,4.55,140,93,0
4,2,0.54,9,3,1.22,2,0,6,12,20,9,2.7,111,68,0
1,1,0.37,0,0,0.0,0,1,10,1,14,5,5.19,106,92,1
3,2,0.39,0,0,0.0,0,2,6,1,9,7,1.16,245,166,1
6,4,1.54,2,1,0.51,0,2,8,1,13,6,3.35,185,102,1
1,1,0.14,3,1,0.41,1,2,0,1,24,9,3.27,291,82,0
4,2,0.71,3,2,0.53,0,0,0,2,23,9,4.09,275,81,0
6,5,0.86,0,0,0.0,0,0,0,1,11,6,1.58,75,169,1
4,3,0.51,3,2,0.38,0,1,1,2,16,5,2.02,78,63,0
2,1,0.54,6,3,1.61,1,0,1,7,13,9,3.48,91,54,0
5,2,0.64,2,1,0.26,0,3,4,7,32,23,4.12,405,112,0
4,2,0.92,0,0,0.0,0,1,1,2,0,0,0.0,0,158,1
1,1,0.23,5,3,1.16,1,0,2,2,22,11,5.1,240,60,0
4,3,0.99,4,2,0.99,1,2,8,5,24,7,5.94,188,25,0
0,0,0.0,7,3,1.33,1,1,3,6,17,10,3.24,319,25,0
0,0,0.0,1,1,0.34,0,0,3,9,21,10,7.18,287,174,1
1,1,0.19,0,0,0.0,0,3,2,0,8,3,1.5,100,116,1
9,6,1.71,5,4,0.95,0,3,5,5,16,6,3.05,68,98,0
7,5,1.07,3,1,0.46,0,2,9,7,25,15,3.8,155,25,0
0,0,0.0,3,2,0.43,0,0,1,4,23,11,3.28,292,78,0
7,3,1.51,3,1,0.65,0,1,6,6,17,6,3.66,103,68,0
1,1,0.26,4,1,1.05,1,2,0,3,16,10,4.2,163,38,0
6,3,1.69,2,1,0.56,0,0,5,0,12,7,3.37,128,99,0
3,2,0.95,3,2,0.95,0,0,0,6,19,13,6.0,218,39,0
4,3,1.71,3,1,1.28,1,3,2,6,15,5,6.39,114,93,1
8,5,1.97,0,0,0.0,0,0,0,7,25,16,6.17,336,61,0
0,0,0.0,1,1,0.28,0,2,0,5,17,10,4.69,228,50,0
11,8,1.41,0,0,0.0,0,1,5,3,17,6,2.18,161,107,0
8,4,1.5,2,2,0.37,0,1,10,3,20,12,3.74,236,122,1
2,2,0.49,1,1,0.24,0,0,10,7,12,6,2.94,98,36,0
5,3,0.91,0,0,0.0,0,3,8,6,7,5,1.28,71,216,1
2,1,0.71,3,2,1.06,0,1,5,8,22,8,7.76,150,82,0
0,0,0.0,0,0,0.0,0,1,4,2,19,11,4.07,314,98,0
2,1,0.35,2,1,0.35,0,2,0,0,18,8,3.13,231,123,1
8,4,1.62,0,0,0.0,0,2,3,2,19,14,3.85,373,90,0
0,0,0.0,3,1,0.68,1,3,8,12,16,7,3.63,111,100,0
0,0,0.0,4,2,0.5,1,1,0,5,22,16,2.76,395,10,0
3,2,0.41,3,2,0.41,0,1,7,5,18,13,2.47,315,25,0
5,3,0.87,4,1,0.7,1,3,1,2,20,8,3.48,177,99,0
3,2,0.55,3,2,0.55,0,2,7,4,22,15,4.06,356,33,0
1,1,0.17,8,3,1.4,1,0,4,8,18,13,3.14,290,15,0
4,2,1.25,1,1,0.31,0,0,10,4,16,7,4.99,169,48,0
3,2,0.69,9,4,2.06,2,3,10,0,17,8,3.89,223,56,0
4,2,1.79,3,1,1.34,1,1,0,8,20,11,8.94,140,104,0
6,4,1.24,2,1,0.41,0,2,4,11,20,9,4.12,259,88,0
3,2,0.57,8,4,1.52,1,1,8,1,20,6,3.8,80,39,0
9,6,2.67,3,2,0.89,0,0,2,7,20,8,5.94,93,97,0
6,5,0.77,4,2,0.51,1,2,3,10,22,9,2.83,310,108,0
5,4,0.67,4,2,0.54,0,0,2,7,22,11,2.95,373,89,0
1,1,0.16,2,1,0.32,0,1,0,4,6,2,0.95,23,132,1
3,1,0.58,2,1,0.38,0,1,11,13,25,17,4.81,358,116,0
0,0,0.0,2,2,0.28,0,1,8,0,17,10,2.35,147,74,0
17,11,6.11,0,0,0.0,0,2,2,3,4,1,1.44,22,238,1
2,1,0.3,5,3,0.74,1,3,10,5,19,11,2.82,338,28,0
1,1,0.36,5,2,1.82,1,2,11,9,12,7,4.37,236,25,0
0,0,0.0,3,2,0.44,0,0,2,4,18,13,2.66,336,76,0
4,2,1.09,7,5,1.92,1,0,6,10,21,6,5.75,113,38,0
0,0,0.0,6,4,0.83,1,1,2,2,20,8,2.75,201,56,0
8,4,1.04,2,1,0.26,0,3,6,7,24,17,3.13,303,39,0
0,0,0.0,0,0,0.0,0,3,1,1,2,1,0.69,33,149,1
4,3,0.84,1,1,0.21,0,3,3,7,18,11,3.77,349,47,0
3,2,0.38,7,5,0.89,1,0,7,10,19,12,2.41,287,101,0
0,0,0.0,4,2,0.82,1,1,6,0,10,3,2.04,54,121,1
7,4,0.97,0,0,0.0,0,1,0,2,21,11,2.92,191,51,0
0,0,0.0,0,0,0.0,0,0,10,3,25,10,4.52,108,52,0
0,0,0.0,0,0,0.0,0,0,4,5,23,9,5.41,274,12,0
0,0,0.0,9,3,2.42,1,3,4,4,17,11,4.58,234,92,0
2,1,0.62,3,1,0.93,1,0,10,6,18,6,5.59,109,69,0
0,0,0.0,0,0,0.0,0,0,0,2,18,9,2.74,196,17,0
0,0,0.0,6,2,1.39,1,0,2,7,24,17,5.56,518,20,0
8,4,1.58,3,2,0.59,0,3,6,7,17,7,3.35,92,93,0
9,4,1.82,4,2,0.81,1,1,6,6,24,18,4.84,566,139,0
0,0,0.0,3,2,0.55,0,2,0,7,25,19,4.58,616,72,0
6,3,0.83,2,1,0.28,0,3,2,10,26,14,3.61,471,116,0
4,3,0.51,5,3,0.63,1,0,0,1,4,2,0.51,40,121,1
4,2,0.9,6,3,1.35,1,2,9,0,23,10,5.17,154,33,0
6,3,0.86,0,0,0.0,0,0,0,2,10,5,1.44,97,154,1
4,3,0.61,1,1,0.15,0,0,0,2,5,2,0.76,37,200,1
8,6,1.47,2,1,0.37,0,3,0,0,10,4,1.84,58,172,1
0,0,0.0,0,0,0.0,0,2,13,10,0,0,0.0,0,121,1
3,2,0.94,0,0,0.0,0,1,5,3,7,3,2.19,66,151,1
2,1,0.75,0,0,0.0,0,1,7,6,1,1,0.38,32,191,1
2,1,0.28,0,0,0.0,0,1,8,5,14,4,1.97,43,200,1
6,5,1.29,3,2,0.65,0,0,4,5,18,10,3.88,261,106,0
0,0,0.0,2,1,0.28,0,0,8,4,6,4,0.85,116,121,1
0,0,0.0,5,2,0.68,1,0,3,3,21,9,2.85,261,26,0
9,4,3.79,2,1,0.84,0,0,0,0,18,7,7.58,225,133,0
8,7,1.1,2,1,0.27,0,3,4,0,2,1,0.27,28,164,1
0,0,0.0,1,1,0.21,0,0,6,3,8,5,1.71,166,183,1
5,2,0.99,1,1,0.2,0,0,5,2,10,6,1.98,110,148,1
0,0,0.0,6,4,1.04,0,1,5,7,20,9,3.47,203,96,0
0,0,0.0,0,0,0.0,0,3,8,2,2,1,0.26,10,155,1
0,0,0.0,0,0,0.0,0,0,9,9,20,15,9.46,153,86,0
10,7,2.06,0,0,0.0,0,0,1,5,3,2,0.62,32,126,1
4,3,0.65,0,0,0.0,0,1,1,0,7,4,1.14,50,180,1
0,0,0.0,7,3,1.1,2,2,5,1,21,14,3.31,231,98,0
13,9,2.11,0,0,0.0,0,1,4,0,24,12,3.9,173,114,0
0,0,0.0,0,0,0.0,0,3,1,4,11,5,3.92,54,82,1
7,6,1.84,5,3,1.32,1,3,3,3,19,7,5.0,229,110,0
0,0,0.0,0,0,0.0,0,2,2,1,4,2,0.96,20,88,1
0,0,0.0,3,2,0.44,0,2,6,7,9,5,1.32,142,148,1
5,3,1.36,0,0,0.0,0,1,7,11,23,7,6.26,97,27,0
0,0,0.0,4,2,1.23,1,0,5,4,14,7,4.29,230,93,1
5,4,0.65,0,0,0.0,0,3,1,2,14,9,1.81,291,189,1
1,1,0.49,3,2,1.46,0,1,1,1,15,9,7.31,237,147,1
3,2,0.38,2,1,0.25,0,0,0,0,2,1,0.25,27,172,1
0,0,0.0,6,4,0.99,1,2,5,7,16,11,2.64,111,37,0
1,1,0.14,4,2,0.57,0,0,3,3,14,4,2.01,138,42,0
0,0,0.0,0,0,0.0,0,1,9,7,15,8,3.98,256,48,0
0,0,0.0,0,0,0.0,0,1,1,1,1,1,0.48,32,95,1
4,2,0.62,0,0,0.0,0,1,3,4,21,11,3.27,291,39,0
5,4,0.71,5,4,0.71,0,3,3,10,22,10,3.14,186,77,0
0,0,0.0,1,1,0.16,0,0,4,6,4,1,0.62,32,189,1
8,6,2.8,2,1,0.7,0,1,3,2,14,10,4.9,173,65,0
9,4,1.38,3,2,0.46,0,1,1,0,21,11,3.22,265,135,0
6,3,0.91,5,3,0.76,1,2,3,0,26,18,3.93,225,109,0
3,2,0.5,3,2,0.5,0,2,7,5,23,13,3.86,430,57,0
4,3,0.61,5,2,0.76,1,1,0,4,12,7,1.82,95,106,1
2,1,0.28,1,1,0.14,0,2,0,2,21,14,2.97,219,103,0
3,2,0.53,2,1,0.35,0,0,5,2,21,13,3.7,311,93,0
2,2,0.79,1,1,0.4,0,3,3,0,19,9,7.51,262,134,1
14,9,2.84,7,4,1.42,1,1,3,3,17,9,3.45,229,111,0
0,0,0.0,0,0,0.0,0,2,0,1,9,6,3.65,95,141,1
0,0,0.0,3,2,0.67,0,0,8,4,5,2,1.12,20,193,1
0,0,0.0,6,4,1.35,1,0,0,1,22,10,4.95,289,98,0
3,1,1.25,2,1,0.83,0,1,11,2,15,5,6.26,173,80,0
0,0,0.0,3,2,0.73,0,3,4,9,19,14,4.64,423,93,0
6,4,2.25,6,4,2.25,1,1,5,10,15,5,5.63,108,59,0
7,6,1.02,4,3,0.58,0,3,7,2,15,9,2.19,293,113,0
0,0,0.0,3,2,0.39,0,1,6,0,16,8,2.08,162,62,0
0,0,0.0,7,5,2.88,1,1,6,7,15,7,6.16,162,14,0
7,4,0.91,5,2,0.65,1,0,10,1,9,5,1.16,110,175,1
0,0,0.0,0,0,0.0,0,3,9,3,18,6,3.51,127,183,1
4,2,1.05,2,1,0.53,0,0,5,5,5,3,1.32,88,199,1
4,2,1.63,7,5,2.84,1,3,7,13,18,12,7.31,278,107,0
10,7,2.0,0,0,0.0,0,3,8,5,22,15,4.4,269,51,0
0,0,0.0,0,0,0.0,0,3,5,4,5,2,0.74,33,130,1
0,0,0.0,0,0,0.0,0,1,3,4,19,13,3.04,142,110,1
5,4,2.17,4,3,1.74,0,2,4,2,17,10,7.39,246,37,0
4,2,1.64,2,1,0.82,0,2,7,2,8,6,3.28,94,158,1
4,2,0.91,5,4,1.13,0,0,6,7,0,0,0.0,0,196,1
0,0,0.0,0,0,0.0,0,2,4,5,23,13,6.1,342,64,0
6,3,1.77,0,0,0.0,0,0,3,2,4,3,1.18,81,125,1
0,0,0.0,3,2,0.81,0,1,1,4,0,0,0.0,0,139,1
9,5,1.32,3,2,0.44,0,0,3,7,18,9,2.64,203,143,0
0,0,0.0,4,3,0.53,0,0,0,0,9,4,1.19,129,171,1
4,2,0.9,1,1,0.23,0,1,1,1,9,4,2.03,134,127,1
0,0,0.0,0,0,0.0,0,1,9,0,23,11,3.09,332,88,0
3,1,0.76,0,0,0.0,0,2,4,10,17,7,4.33,181,47,0
2,1,0.41,2,1,0.41,0,0,0,8,20,8,4.12,141,73,0
5,4,1.49,0,0,0.0,0,1,11,1,0,0,0.0,0,182,1
5,3,0.86,2,1,0.34,0,0,5,0,17,6,2.91,101,83,0
3,2,0.38,8,4,1.02,2,1,5,9,21,13,2.67,196,98,0
9,6,1.6,0,0,0.0,0,2,4,4,18,7,3.2,147,99,0
4,2,0.96,3,2,0.72,0,1,3,3,3,1,0.72,11,174,1
5,4,0.85,5,2,0.85,1,2,0,0,16,5,2.72,172,102,0
0,0,0.0,4,3,1.46,0,0,6,5,18,8,6.58,198,35,0
0,0,0.0,2,1,0.27,0,2,24,1,14,9,1.91,215,110,1
4,2,0.8,3,2,0.6,0,1,3,1,19,13,3.79,343,73,0
2,2,0.43,1,1,0.21,0,1,10,7,8,3,1.7,67,166,1
0,0,0.0,4,2,0.73,1,2,8,1,7,4,1.27,43,157,1
1,1,0.17,7,3,1.22,1,0,7,0,20,10,3.48,253,10,0
2,1,0.82,6,2,2.47,1,2,7,5,17,12,6.99,335,56,0
6,3,0.98,1,1,0.16,0,2,9,2,6,4,0.98,82,106,1
0,0,0.0,5,4,1.45,0,0,7,0,21,11,6.08,318,73,0
0,0,0.0,2,1,0.32,0,0,0,0,8,5,1.27,78,161,1
5,4,0.72,0,0,0.0,0,0,6,0,16,11,2.31,171,149,1
6,4,0.88,0,0,0.0,0,3,0,1,16,5,2.34,70,218,1
0,0,0.0,3,2,0.56,0,2,4,1,25,12,4.7,232,25,0
0,0,0.0,3,2,0.59,0,0,0,0,15,11,2.93,343,20,0
6,3,2.1,10,5,3.5,2,1,3,7,21,13,7.35,399,121,0
9,4,1.35,4,2,0.6,1,1,10,3,25,14,3.76,274,167,0
1,1,0.28,4,1,1.1,1,3,5,14,22,12,6.06,297,25,0
0,0,0.0,4,2,0.8,1,0,5,5,22,10,4.42,280,15,0
4,3,1.08,2,1,0.54,0,0,4,1,0,0,0.0,0,115,1
3,2,1.07,1,1,0.36,0,3,14,9,23,14,8.21,199,66,0
4,2,0.69,0,0,0.0,0,0,9,6,19,9,3.29,309,42,0
1,1,0.43,0,0,0.0,0,0,2,2,16,10,6.88,254,37,0
8,6,1.23,4,2,0.62,0,3,3,12,21,14,3.23,483,40,0
0,0,0.0,0,0,0.0,0,2,5,2,16,6,4.1,111,177,1
3,3,1.5,2,1,1.0,0,0,4,11,29,15,14.49,414,74,0
0,0,0.0,8,5,1.58,1,0,3,9,17,8,3.36,125,67,0
0,0,0.0,9,7,3.95,1,0,0,14,18,11,7.89,182,45,0
0,0,0.0,4,1,1.09,1,0,2,1,20,8,5.47,182,92,0
4,3,0.64,5,4,0.8,0,3,7,1,20,12,3.2,216,107,0
0,0,0.0,4,2,1.68,1,1,9,0,19,13,8.0,184,26,0
5,4,0.71,1,1,0.14,0,2,0,2,25,12,3.55,199,39,0
1,1,0.49,9,5,4.45,2,3,8,3,20,14,9.89,153,57,0
5,3,1.44,1,1,0.29,0,1,3,13,22,16,6.32,442,42,0
3,2,0.47,0,0,0.0,0,0,1,1,15,5,2.33,112,61,0
2,1,0.51,1,1,0.26,0,1,0,6,10,4,2.57,49,93,1
0,0,0.0,2,1,0.77,0,3,5,5,16,12,6.13,172,57,0
2,1,0.48,4,3,0.96,0,3,0,11,17,12,4.09,151,47,0
0,0,0.0,0,0,0.0,0,0,2,4,28,10,7.73,253,59,0
5,3,0.71,6,2,0.85,1,2,6,2,20,6,2.83,74,122,0
4,2,1.03,8,5,2.06,1,1,8,9,21,8,5.41,231,48,0
3,2,0.45,0,0,0.0,0,3,3,0,15,11,2.23,116,160,1
1,1,0.14,4,2,0.54,1,0,1,11,22,8,2.99,130,14,0
0,0,0.0,1,1,0.22,0,1,4,2,19,10,4.13,323,16,0
0,0,0.0,3,2,0.4,0,3,7,5,17,12,2.28,336,60,0
2,1,0.47,1,1,0.23,0,1,4,10,15,5,3.52,59,29,0
2,1,0.26,0,0,0.0,0,1,6,5,6,3,0.77,92,99,1
8,4,3.15,1,1,0.39,0,0,0,4,0,0,0.0,0,205,1
0,0,0.0,2,2,0.33,0,0,8,6,21,14,3.43,436,61,0
5,3,1.01,3,1,0.6,1,0,6,9,20,9,4.03,225,96,0
0,0,0.0,2,1,0.46,0,3,0,3,18,11,4.16,298,28,0
1,1,0.17,5,2,0.86,1,0,3,7,14,8,2.42,279,70,0
2,1,0.32,7,3,1.12,1,1,7,5,23,9,3.7,142,39,0
2,1,0.99,0,0,0.0,0,2,1,1,13,4,6.42,102,173,1
2,1,0.67,0,0,0.0,0,0,1,3,0,0,0.0,0,198,1
5,4,0.8,4,2,0.64,1,1,2,0,6,3,0.96,33,129,1
1,1,0.17,2,1,0.33,0,2,4,8,6,4,1.0,41,126,1
2,2,0.26,4,3,0.51,0,3,4,3,4,3,0.51,39,154,1
2,1,0.3,0,0,0.0,0,2,7,0,8,4,1.22,105,164,1
3,2,0.39,3,2,0.39,0,2,7,4,9,5,1.17,121,150,1
3,2,0.48,1,1,0.16,0,0,0,3,2,1,0.32,24,139,1
4,3,1.06,7,4,1.85,1,3,2,9,19,13,5.02,140,106,0
4,2,1.52,1,1,0.38,0,0,0,3,0,0,0.0,0,204,1
4,3,0.6,2,1,0.3,0,2,5,7,22,9,3.29,298,57,0
2,1,0.34,0,0,0.0,0,0,3,3,10,4,1.71,80,178,1
1,1,0.44,2,2,0.87,0,3,8,8,20,11,8.74,282,20,0
0,0,0.0,3,2,0.72,0,2,8,8,11,6,2.64,177,92,1
4,3,0.52,0,0,0.0,0,2,2,4,4,2,0.52,59,136,1
0,0,0.0,1,1,0.2,0,0,0,0,3,1,0.6,23,128,1
0,0,0.0,0,0,0.0,0,1,5,4,18,11,3.92,346,74,0
4,3,0.84,3,2,0.63,0,2,0,5,12,5,2.53,99,89,0
5,4,1.54,2,1,0.61,0,2,2,6,16,6,4.92,193,41,0
0,0,0.0,5,2,1.19,1,0,7,5,8,4,1.9,64,150,1
5,4,1.19,7,5,1.66,1,3,7,0,24,10,5.69,170,19,0
0,0,0.0,1,1,0.43,0,3,0,0,2,1,0.86,11,101,1
0,0,0.0,0,0,0.0,0,0,10,6,16,7,2.42,209,187,1
4,3,0.89,2,1,0.44,0,3,2,5,23,12,5.11,245,29,0
11,5,1.59,3,2,0.43,0,1,7,3,18,10,2.6,157,97,0
3,2,0.42,8,6,1.13,1,1,2,5,7,3,0.99,47,212,1
0,0,0.0,3,2,0.92,0,0,3,3,9,3,2.75,98,125,1
1,1,0.17,9,5,1.51,2,1,1,2,18,13,3.03,401,23,0
2,2,0.41,0,0,0.0,0,2,0,2,5,2,1.03,48,183,1
6,3,0.82,0,0,0.0,0,1,4,7,21,10,2.88,254,102,0
6,3,1.82,7,4,2.12,1,2,5,2,17,5,5.16,109,84,0
0,0,0.0,4,2,0.66,1,2,3,2,12,6,1.98,119,175,1
0,0,0.0,4,2,0.71,1,2,10,4,19,10,3.36,329,39,0
2,2,0.53,0,0,0.0,0,0,0,0,0,0,0.0,0,123,1
3,2,1.06,0,0,0.0,0,3,11,15,23,14,8.16,286,52,0
5,3,0.85,4,2,0.68,1,1,6,0,19,7,3.21,130,48,0
10,4,1.55,3,1,0.47,0,0,12,7,16,7,2.49,157,129,0
0,0,0.0,15,6,3.85,4,0,0,1,26,17,6.68,364,72,0
0,0,0.0,0,0,0.0,0,1,4,5,4,3,0.68,69,120,1
1,1,0.23,1,1,0.23,0,3,5,3,18,7,4.12,94,97,1
5,3,0.8,2,1,0.32,0,1,5,8,17,9,2.71,205,57,0
6,3,1.88,7,4,2.19,1,2,7,0,20,8,6.26,128,125,0
7,5,0.95,0,0,0.0,0,0,2,0,22,7,3.0,102,43,0
3,2,0.81,6,5,1.61,0,1,0,3,18,8,4.83,93,81,0
13,10,3.09,0,0,0.0,0,3,4,11,20,7,4.75,203,99,0
0,0,0.0,0,0,0.0,0,2,3,1,8,5,3.41,103,154,1
0,0,0.0,3,1,1.12,1,0,4,0,17,9,6.37,231,37,0
0,0,0.0,0,0,0.0,0,1,1,3,2,1,0.39,28,106,1
1,1,0.28,3,2,0.83,0,0,10,2,10,3,2.77,81,100,1
3,2,0.43,4,3,0.57,0,1,5,2,16,11,2.28,239,114,1
8,5,3.83,2,1,0.96,0,2,1,0,23,9,11.01,177,57,0
10,8,2.34,1,1,0.23,0,2,0,0,24,14,5.61,272,39,0
5,2,1.24,0,0,0.0,0,0,8,2,21,9,5.22,234,94,0
0,0,0.0,1,1,0.47,0,3,4,5,20,11,9.45,246,86,0
10,7,3.64,6,2,2.18,1,1,0,5,21,9,7.65,281,57,0
2,1,0.45,0,0,0.0,0,1,13,3,19,6,4.24,191,107,0
6,3,1.21,10,7,2.02,1,1,0,0,21,8,4.24,114,140,0
6,4,1.36,2,1,0.45,0,2,11,2,14,5,3.16,67,176,1
2,1,0.39,1,1,0.19,0,1,0,6,21,10,4.05,258,99,0
3,2,0.54,3,2,0.54,0,1,9,7,21,13,3.77,228,50,0
0,0,0.0,3,2,1.46,0,1,2,4,17,7,8.25,73,17,0
6,4,1.25,2,1,0.42,0,0,2,8,22,7,4.6,226,84,0
11,5,1.41,1,1,0.13,0,3,4,1,0,0,0.0,0,153,1
1,1,0.2,1,1,0.2,0,1,4,0,0,0,0.0,0,120,1
0,0,0.0,0,0,0.0,0,0,5,14,25,18,4.12,503,100,0
1,1,0.26,6,3,1.55,1,2,5,0,4,2,1.03,58,191,1
7,5,1.05,1,1,0.15,0,3,0,0,17,9,2.56,135,55,0
3,1,0.45,5,3,0.75,1,3,6,11,26,15,3.92,238,50,0
4,3,0.78,5,4,0.98,0,1,4,4,20,14,3.9,322,25,0
6,2,0.76,1,1,0.13,0,0,6,8,21,14,2.67,200,76,0
4,2,1.45,6,2,2.18,1,1,4,1,22,10,7.99,176,81,0
0,0,0.0,3,2,1.43,0,0,4,1,23,9,10.94,162,84,0
3,2,0.45,3,1,0.45,1,3,5,8,16,7,2.42,98,70,0
0,0,0.0,0,0,0.0,0,0,10,13,20,11,2.92,166,92,0
2,1,0.73,2,1,0.73,0,0,8,5,5,3,1.84,89,204,1
0,0,0.0,2,1,0.56,0,1,7,9,23,12,6.4,170,86,0
8,4,3.8,4,2,1.9,1,1,4,2,24,8,11.4,86,54,0
0,0,0.0,2,1,0.53,0,2,3,0,21,13,5.59,335,152,1
0,0,0.0,4,2,0.6,1,1,1,1,15,10,2.26,344,183,1
4,2,0.78,3,2,0.59,0,0,2,2,18,8,3.52,146,36,0
10,5,2.45,0,0,0.0,0,0,3,1,8,5,1.96,65,215,1
4,3,0.95,3,1,0.71,1,1,0,3,8,4,1.89,97,137,1
2,1,1.0,2,1,1.0,0,0,3,5,18,13,8.96,425,23,0
3,1,0.79,2,1,0.53,0,2,1,4,0,0,0.0,0,141,1
2,1,0.34,1,1,0.17,0,1,2,0,19,10,3.23,256,53,0
2,1,0.25,1,1,0.13,0,2,0,1,4,2,0.51,36,177,1
5,3,0.71,0,0,0.0,0,3,5,6,18,13,2.54,306,99,0
0,0,0.0,5,2,2.33,1,3,4,2,14,7,6.54,86,117,1
0,0,0.0,0,0,0.0,0,3,4,17,19,8,2.57,216,48,0
2,1,0.3,0,0,0.0,0,0,0,1,0,0,0.0,0,190,1
0,0,0.0,1,1,0.15,0,0,3,5,5,2,0.75,68,139,1
7,6,1.47,1,1,0.21,0,0,5,3,0,0,0.0,0,156,1
0,0,0.0,4,2,0.91,0,3,2,2,0,0,0.0,0,148,1
6,4,1.57,1,1,0.26,0,3,0,5,26,16,6.81,378,58,0
0,0,0.0,2,1,0.84,0,3,1,0,6,3,2.51,83,103,1
3,2,0.89,0,0,0.0,0,0,3,12,22,9,6.53,268,85,0
6,5,1.72,2,1,0.57,0,3,6,11,20,9,5.75,134,34,0
0,0,0.0,5,2,1.02,1,1,0,0,8,3,1.63,50,92,1
7,6,1.08,3,2,0.46,0,0,5,11,21,8,3.24,183,29,0
6,3,1.24,6,4,1.24,1,1,2,3,10,6,2.06,110,124,1
3,1,1.28,4,2,1.7,1,0,0,4,12,5,5.11,158,130,1
6,2,0.77,0,0,0.0,0,1,7,2,8,4,1.03,87,184,1
4,3,0.52,0,0,0.0,0,0,5,0,22,10,2.87,300,81,0
2,1,0.3,1,1,0.15,0,1,2,8,2,1,0.3,25,170,1
2,2,0.25,0,0,0.0,0,2,9,7,10,5,1.26,147,155,1
1,1,0.19,5,3,0.95,1,3,9,4,21,7,3.99,128,72,0
4,3,0.51,0,0,0.0,0,2,10,5,0,0,0.0,0,179,1
0,0,0.0,0,0,0.0,0,1,0,12,21,12,8.56,202,97,0
8,6,1.91,1,1,0.24,0,3,4,9,25,14,5.96,331,59,0
5,4,1.49,3,2,0.89,0,3,6,5,1,1,0.3,15,143,1
8,6,2.52,0,0,0.0,0,0,7,8,25,12,7.87,263,49,0
10,8,3.52,6,3,2.11,1,1,5,12,22,7,7.73,126,92,0
2,1,0.35,6,3,1.05,1,0,8,0,21,11,3.66,183,81,0
9,6,1.35,2,2,0.3,0,0,7,17,19,10,2.84,342,99,0
7,3,1.28,1,1,0.18,0,2,4,6,0,0,0.0,0,119,1
0,0,0.0,2,1,0.69,0,3,2,8,16,6,5.55,178,25,0
4,3,0.58,5,3,0.73,1,0,0,1,0,0,0.0,0,115,1
0,0,0.0,3,2,0.52,0,3,7,10,18,6,3.1,63,54,0
0,0,0.0,4,2,0.92,1,3,0,2,5,3,1.16,82,144,1
10,6,1.65,5,2,0.83,1,3,2,8,19,7,3.14,114,78,0
1,1,0.28,1,1,0.28,0,0,8,6,16,7,4.5,77,40,0
0,0,0.0,3,2,0.74,0,3,0,0,8,3,1.97,60,106,1
6,4,0.8,6,3,0.8,1,0,8,12,15,11,2.0,367,48,0
1,1,0.27,1,1,0.27,0,1,10,3,12,8,3.21,82,141,1
14,7,2.9,5,4,1.04,0,0,0,2,25,10,5.19,247,90,0
5,3,0.68,4,2,0.54,1,0,4,5,1,1,0.14,23,203,1
0,0,0.0,1,1,0.16,0,2,2,3,8,3,1.28,96,189,1
4,3,1.69,0,0,0.0,0,1,0,4,5,3,2.11,36,146,1
8,4,2.77,7,3,2.43,2,0,4,3,20,6,6.94,162,120,0
6,5,2.93,7,5,3.42,1,0,6,0,20,12,9.77,324,53,0
2,1,0.35,6,3,1.04,1,2,3,1,18,10,3.11,267,75,0
0,0,0.0,1,1,0.21,0,0,2,11,21,15,4.48,503,75,0
0,0,0.0,5,3,1.78,1,3,1,2,3,1,1.07,31,132,1
6,3,0.77,5,3,0.65,1,0,6,12,15,10,1.94,110,122,0
8,5,1.55,2,1,0.39,0,0,3,9,20,13,3.86,283,41,0
10,6,2.9,1,1,0.29,0,1,8,0,18,6,5.22,120,136,0
0,0,0.0,8,6,1.6,1,1,8,5,11,5,2.2,89,81,1
0,0,0.0,5,4,0.82,0,1,4,5,7,3,1.15,64,83,1
5,4,2.03,0,0,0.0,0,0,5,2,7,3,2.85,59,95,1
5,4,1.37,0,0,0.0,0,3,2,0,13,5,3.56,104,53,0
3,2,0.44,0,0,0.0,0,2,6,2,13,7,1.9,241,118,1
7,3,1.47,2,1,0.42,0,0,3,1,5,2,1.05,24,147,1
4,2,0.76,2,1,0.38,0,1,3,4,20,15,3.79,496,101,0
0,0,0.0,2,1,0.44,0,3,6,5,4,1,0.87,22,117,1
1,1,0.44,0,0,0.0,0,0,3,8,8,6,3.53,154,95,1
0,0,0.0,5,3,1.67,0,0,4,1,15,6,5.01,185,145,1
11,5,2.35,5,2,1.07,1,2,5,13,16,10,3.42,190,107,0
1,1,0.31,1,1,0.31,0,2,6,5,17,8,5.22,166,161,1
0,0,0.0,5,2,2.17,1,1,3,2,21,8,9.13,162,79,0
2,1,0.28,4,3,0.57,0,0,1,2,17,12,2.41,232,30,0
3,2,0.38,8,4,1.01,2,0,9,5,20,9,2.54,298,80,0
0,0,0.0,5,2,0.74,1,2,9,14,19,11,2.81,338,31,0
1,1,0.14,3,2,0.42,0,0,0,0,3,2,0.42,25,160,1
5,3,1.45,3,2,0.87,0,1,4,0,22,11,6.37,140,122,0
5,2,0.64,4,3,0.52,0,1,11,2,1,1,0.13,21,222,1
0,0,0.0,2,1,0.63,0,0,3,11,14,9,4.4,112,46,0
2,1,0.26,5,3,0.65,1,3,0,9,19,6,2.46,153,42,0
7,3,0.88,0,0,0.0,0,3,3,0,20,12,2.51,163,88,0
2,1,0.32,2,1,0.32,0,2,12,3,12,8,1.91,184,188,1
3,1,0.38,2,1,0.25,0,0,4,5,15,5,1.9,51,38,0
5,3,0.92,0,0,0.0,0,0,3,8,25,9,4.61,161,82,0
0,0,0.0,10,8,2.81,1,1,1,11,21,13,5.9,350,10,0
0,0,0.0,6,3,1.3,1,0,2,6,5,2,1.08,44,136,1
5,2,0.9,1,1,0.18,0,3,1,1,14,7,2.52,241,225,1
9,4,3.69,3,1,1.23,0,0,0,0,24,9,9.84,287,137,0
4,2,0.7,4,2,0.7,1,1,0,0,0,0,0.0,0,151,1
2,1,0.25,0,0,0.0,0,1,6,2,8,3,1.01,33,105,1
0,0,0.0,4,2,1.27,0,2,0,0,10,5,3.18,156,127,1
0,0,0.0,9,3,1.33,2,0,4,2,20,13,2.96,426,57,0
1,1,0.13,3,2,0.4,0,1,2,3,11,5,1.48,153,124,1
12,5,1.57,4,3,0.52,0,0,5,1,22,11,2.87,145,159,0
0,0,0.0,4,2,0.52,1,3,0,1,13,10,1.68,349,199,1
3,2,0.58,2,1,0.39,0,0,13,0,19,12,3.7,198,71,0
7,6,0.89,0,0,0.0,0,3,5,8,23,16,2.92,450,78,0
1,1,0.15,0,0,0.0,0,3,6,1,12,6,1.83,196,167,1
0,0,0.0,11,7,3.7,2,0,6,4,20,13,6.73,207,93,0
0,0,0.0,5,4,1.03,0,2,4,3,23,7,4.73,229,94,0
0,0,0.0,4,3,0.63,0,0,0,4,20,7,3.17,124,56,0
6,3,1.72,1,1,0.29,0,3,6,9,26,10,7.46,344,60,0
3,2,0.51,2,2,0.34,0,1,1,2,8,4,1.37,68,203,1
0,0,0.0,1,1,0.17,0,0,4,3,12,8,2.0,271,103,1
0,0,0.0,0,0,0.0,0,1,5,3,16,7,5.38,79,99,1
2,1,0.37,1,1,0.19,0,0,9,5,0,0,0.0,0,120,1
8,6,1.21,2,1,0.3,0,3,4,7,19,12,2.87,280,38,0
0,0,0.0,0,0,0.0,0,0,3,4,7,4,1.4,88,148,1
6,4,2.89,2,1,0.96,0,2,7,14,22,10,10.61,156,70,0
2,1,0.97,5,3,2.43,1,1,4,10,21,12,10.22,332,95,0
0,0,0.0,1,1,0.24,0,3,7,2,4,2,0.97,30,117,1
4,2,0.53,4,2,0.53,1,0,5,3,19,6,2.51,143,88,0
4,2,1.19,0,0,0.0,0,1,3,4,7,5,2.08,82,169,1
2,2,0.34,0,0,0.0,0,1,0,7,13,5,2.24,169,132,1
7,3,2.1,6,3,1.8,1,2,8,3,24,8,7.2,86,81,0
0,0,0.0,2,1,0.51,0,0,2,0,6,4,1.53,60,178,1
4,2,0.56,2,2,0.28,0,0,2,2,19,8,2.68,128,27,0
0,0,0.0,2,1,0.31,0,0,4,1,23,14,3.61,285,121,1
0,0,0.0,4,3,1.55,0,2,8,6,22,10,8.55,158,37,0
6,4,1.31,4,2,0.87,1,0,2,0,20,10,4.37,223,62,0
5,3,2.3,1,1,0.46,0,1,4,2,20,8,9.2,254,123,0
0,0,0.0,2,1,0.41,0,0,5,9,20,9,4.09,250,26,0
0,0,0.0,0,0,0.0,0,3,10,0,19,9,3.18,220,38,0
8,4,2.95,1,1,0.37,0,3,3,6,21,13,7.75,159,108,0
1,1,0.27,0,0,0.0,0,1,8,1,2,1,0.54,27,190,1
1,1,0.23,4,2,0.91,1,1,4,4,20,14,4.56,198,48,0
7,5,0.93,6,2,0.8,2,0,4,8,22,7,2.93,208,96,0
6,3,0.75,1,1,0.13,0,0,2,2,17,9,2.14,146,115,0
12,8,5.29,8,6,3.53,1,0,4,4,22,12,9.69,245,88,0
3,1,0.46,7,4,1.07,1,2,0,0,14,10,2.13,188,59,0
0,0,0.0,2,1,0.47,0,1,3,0,5,2,1.18,63,101,1
1,1,0.23,4,2,0.92,1,3,6,9,19,11,4.36,145,85,0
0,0,0.0,0,0,0.0,0,1,5,0,20,14,3.06,338,14,0
2,2,0.27,1,1,0.13,0,2,2,2,17,7,2.26,95,186,1
0,0,0.0,8,6,1.04,0,1,2,6,23,16,2.98,442,71,0
1,1,0.18,5,3,0.92,1,1,6,13,19,6,3.48,196,61,0
0,0,0.0,0,0,0.0,0,0,13,10,18,11,4.34,230,88,1
5,3,0.74,0,0,0.0,0,1,0,2,16,12,2.38,266,76,0
0,0,0.0,5,3,1.43,1,1,8,5,14,8,3.99,265,178,1
13,11,2.41,7,5,1.3,1,2,4,8,24,12,4.46,276,71,0
0,0,0.0,0,0,0.0,0,3,4,3,1,1,0.24,22,197,1
3,2,0.51,2,1,0.34,0,0,8,1,1,1,0.17,24,128,1
4,3,1.16,3,2,0.87,0,0,5,3,17,9,4.94,245,199,1
2,1,0.64,5,3,1.59,1,1,15,7,19,6,6.03,76,101,0
7,5,0.93,0,0,0.0,0,1,0,4,10,6,1.33,183,185,1
0,0,0.0,1,1,0.38,0,0,0,0,11,6,4.21,125,148,1
13,10,2.58,2,1,0.4,0,2,1,3,13,5,2.58,59,135,1
4,3,1.2,2,1,0.6,0,3,12,8,22,9,6.62,267,23,0
8,5,3.58,4,3,1.79,0,3,9,7,18,6,8.06,117,135,0
6,3,2.71,4,2,1.8,0,0,1,6,24,13,10.83,163,121,0
4,3,1.31,0,0,0.0,0,3,5,3,12,7,3.93,181,184,1
1,1,0.14,0,0,0.0,0,2,0,0,11,6,1.53,192,189,1
8,4,2.17,3,2,0.81,0,1,6,8,22,15,5.95,483,87,0
0,0,0.0,2,1,0.26,0,1,6,6,18,12,2.34,407,42,0
4,3,0.73,4,2,0.73,1,3,2,11,23,13,4.19,412,55,0
5,4,1.08,3,1,0.65,1,1,6,0,16,5,3.46,50,51,0
0,0,0.0,1,1,0.18,0,1,7,8,21,13,3.83,254,66,0
11,8,2.16,3,1,0.59,1,1,6,11,22,11,4.31,335,60,0
7,6,1.07,0,0,0.0,0,1,9,1,17,9,2.59,172,95,0
6,3,1.62,6,3,1.62,1,0,10,9,13,8,3.52,200,102,0
0,0,0.0,1,1,0.24,0,3,0,7,10,5,2.43,126,156,1
3,3,0.41,4,2,0.54,1,2,10,9,20,14,2.72,268,87,0
6,3,0.78,5,3,0.65,1,2,1,1,7,3,0.91,98,155,1
2,2,0.27,0,0,0.0,0,0,3,3,0,0,0.0,0,120,1
2,1,0.44,1,1,0.22,0,2,0,2,7,2,1.55,43,167,1
3,2,0.45,6,3,0.9,1,0,2,3,22,16,3.29,559,64,0
7,6,1.44,3,2,0.62,0,0,5,8,21,7,4.32,156,72,0
4,2,0.8,0,0,0.0,0,1,0,6,0,0,0.0,0,187,1
1,1,0.31,2,1,0.62,0,1,2,2,27,12,8.36,274,97,0
3,2,0.54,0,0,0.0,0,1,4,9,18,8,3.25,243,79,0
0,0,0.0,0,0,0.0,0,0,3,8,20,8,6.42,235,79,0
5,2,1.25,2,1,0.5,0,1,2,1,22,12,5.51,357,178,1
6,3,0.84,6,2,0.84,2,0,4,4,22,11,3.09,305,45,0
0,0,0.0,4,2,1.23,1,3,2,3,1,1,0.31,16,100,1
0,0,0.0,1,1,0.41,0,1,3,9,26,12,10.71,379,49,0
6,4,2.49,3,2,1.24,0,2,0,19,20,13,8.28,420,69,0
2,1,0.26,4,2,0.52,1,0,9,4,17,10,2.22,149,52,0
5,4,0.99,4,3,0.79,0,0,3,1,0,0,0.0,0,119,1
4,2,0.9,0,0,0.0,0,3,0,2,14,9,3.14,310,127,1
0,0,0.0,9,4,1.31,2,0,2,5,17,7,2.48,222,66,0
1,1,0.14,5,2,0.71,1,1,3,1,0,0,0.0,0,128,1
0,0,0.0,8,3,2.0,2,2,2,5,18,8,4.51,257,16,0
4,2,0.65,0,0,0.0,0,0,7,0,8,5,1.3,118,106,1
7,3,1.06,2,1,0.3,0,3,4,7,20,15,3.02,392,55,0
6,4,1.01,5,2,0.84,1,1,7,15,20,10,3.37,236,116,0
12,7,4.12,0,0,0.0,0,0,8,4,26,8,8.94,90,44,0
0,0,0.0,4,3,0.55,0,0,9,12,17,6,2.34,172,26,0
3,2,0.57,5,2,0.96,1,0,7,1,12,5,2.29,113,98,1
0,0,0.0,2,1,0.54,0,3,2,5,22,12,5.95,314,53,0
0,0,0.0,0,0,0.0,0,2,8,6,16,5,3.52,113,14,0
11,8,4.94,0,0,0.0,0,0,4,0,6,4,2.7,89,122,1
3,1,1.08,0,0,0.0,0,0,8,0,18,8,6.5,114,112,0
3,1,0.46,3,2,0.46,0,2,8,4,17,12,2.58,204,83,0
5,2,2.5,3,1,1.5,0,1,6,8,20,13,10.0,182,60,0
0,0,0.0,6,3,1.33,1,1,6,5,0,0,0.0,0,130,1
0,0,0.0,1,1,0.19,0,1,8,3,8,5,1.56,172,164,1
0,0,0.0,3,2,1.29,0,0,6,11,19,11,8.16,152,41,0
5,4,0.64,5,4,0.64,0,2,0,11,20,12,2.55,201,78,0
11,8,3.28,4,2,1.19,1,3,5,6,14,8,4.17,198,120,0
1,1,0.26,9,5,2.35,1,0,5,8,27,15,7.06,379,27,0
2,2,0.52,0,0,0.0,0,1,0,3,0,0,0.0,0,81,1
9,4,2.66,6,2,1.77,1,1,2,0,19,12,5.62,358,59,0
10,5,4.98,4,1,1.99,1,1,7,18,22,14,10.95,415,82,0
0,0,0.0,11,7,1.73,2,0,4,0,18,12,2.82,191,13,0
0,0,0.0,4,3,0.51,0,3,5,8,3,1,0.38,17,190,1
0,0,0.0,2,1,0.6,0,1,7,0,10,3,2.99,100,190,1
0,0,0.0,0,0,0.0,0,1,1,0,5,3,0.84,92,199,1
4,2,0.62,2,1,0.31,0,0,8,6,18,10,2.79,274,43,0
7,3,0.99,4,1,0.56,1,0,6,7,19,13,2.68,157,131,0
4,2,0.88,1,1,0.22,0,0,6,9,23,11,5.07,225,114,0
2,2,0.52,0,0,0.0,0,2,4,0,12,7,3.14,168,181,1
4,2,1.01,0,0,0.0,0,0,10,1,0,0,0.0,0,204,1
0,0,0.0,0,0,0.0,0,2,4,6,10,3,1.59,64,108,1
6,3,0.87,0,0,0.0,0,1,1,2,10,6,1.45,150,134,1
4,2,1.29,2,1,0.65,0,1,6,10,21,14,6.8,255,93,0
1,1,0.24,1,1,0.24,0,1,8,9,15,6,3.55,177,88,0
4,3,0.54,1,1,0.13,0,1,1,1,18,10,2.43,310,89,0
6,2,0.88,4,2,0.58,1,0,1,3,21,12,3.07,217,99,0
12,10,1.52,3,1,0.38,1,0,7,0,22,8,2.78,248,99,0
10,7,1.53,3,1,0.46,1,2,2,10,8,3,1.23,38,155,1
4,3,0.92,3,2,0.69,0,2,14,20,22,16,5.05,495,49,0
3,2,0.54,6,4,1.08,0,0,1,1,22,10,3.97,138,26,0
1,1,0.17,2,1,0.34,0,1,0,4,28,11,4.69,133,94,0
12,7,4.86,4,2,1.62,1,0,12,1,23,9,9.31,234,89,0
0,0,0.0,5,4,0.95,0,0,3,3,19,11,3.61,240,100,1
4,2,0.64,5,2,0.8,1,0,11,5,18,10,2.88,327,57,0
5,2,1.66,7,3,2.33,2,3,4,13,23,14,7.66,267,140,0
1,1,0.15,0,0,0.0,0,0,3,2,22,7,3.29,120,175,1
0,0,0.0,3,2,0.55,0,0,0,4,20,14,3.63,315,80,0
5,2,0.65,4,3,0.52,0,0,4,10,16,8,2.07,171,113,0
0,0,0.0,3,1,1.33,1,0,0,6,13,6,5.77,112,49,0
3,3,0.84,0,0,0.0,0,2,2,1,20,10,5.57,273,44,0
0,0,0.0,0,0,0.0,0,0,4,4,7,3,1.25,87,95,1
0,0,0.0,3,1,0.79,0,0,5,6,21,14,5.56,439,92,0
11,7,1.75,10,5,1.59,2,2,0,0,21,15,3.34,515,112,0
7,6,1.07,2,1,0.31,0,0,4,7,27,12,4.12,200,37,0
3,1,1.15,2,2,0.76,0,2,2,10,15,10,5.74,279,120,0
7,5,1.38,9,4,1.77,2,1,10,3,18,12,3.54,238,56,0
0,0,0.0,8,6,1.58,0,0,3,5,15,11,2.97,296,113,1
13,11,3.08,4,2,0.95,1,2,3,6,24,10,5.69,219,104,0
2,1,0.26,6,4,0.79,1,0,7,8,16,9,2.11,314,35,0
0,0,0.0,0,0,0.0,0,1,8,14,16,7,2.3,198,81,0
4,3,0.65,0,0,0.0,0,1,0,2,4,3,0.65,101,102,1
7,6,1.11,1,1,0.16,0,0,9,9,23,7,3.66,216,103,0
9,6,1.89,2,1,0.42,0,2,3,0,23,13,4.82,423,50,0
1,1,0.13,2,1,0.27,0,3,0,6,10,5,1.33,152,180,1
4,3,0.65,3,1,0.49,1,3,0,2,7,3,1.13,64,194,1
5,4,0.78,1,1,0.16,0,2,5,9,21,12,3.29,196,26,0
4,3,0.56,4,2,0.56,1,1,6,6,4,3,0.56,58,208,1
11,5,3.02,0,0,0.0,0,0,3,8,27,16,7.41,168,166,0
0,0,0.0,0,0,0.0,0,0,0,2,4,3,0.58,69,190,1
1,1,0.32,2,1,0.63,0,1,5,3,2,1,0.63,23,196,1
0,0,0.0,1,1,0.25,0,1,3,0,9,5,2.21,116,182,1
2,1,0.5,0,0,0.0,0,3,9,2,5,3,1.25,103,131,1
4,3,0.51,3,1,0.38,1,1,3,1,0,0,0.0,0,110,1
0,0,0.0,1,1,0.14,0,1,7,6,13,7,1.82,98,146,1
7,3,1.13,0,0,0.0,0,1,6,4,2,1,0.32,19,185,1
0,0,0.0,1,1,0.16,0,3,0,4,6,3,0.94,62,185,1
0,0,0.0,2,1,0.37,0,2,3,5,11,7,2.05,133,92,1
0,0,0.0,4,3,0.52,0,2,0,3,7,4,0.91,120,111,1
0,0,0.0,2,1,0.4,0,0,0,5,17,6,3.42,139,50,0
0,0,0.0,0,0,0.0,0,3,5,1,8,3,1.87,73,91,1
2,1,0.67,0,0,0.0,0,0,0,0,1,1,0.34,31,128,1
8,6,1.19,6,3,0.89,1,3,4,6,26,11,3.87,332,47,0
0,0,0.0,1,1,0.16,0,1,19,14,22,7,3.43,93,40,0
0,0,0.0,0,0,0.0,0,1,0,6,22,11,5.11,306,52,0
4,3,1.86,7,4,3.25,1,1,6,6,18,10,8.37,209,23,0
6,5,0.85,0,0,0.0,0,2,8,4,25,11,3.55,191,29,0
10,7,4.83,0,0,0.0,0,0,9,1,20,12,9.67,135,93,0
8,6,1.29,9,6,1.45,1,3,0,14,21,12,3.38,266,73,0
4,2,0.51,3,2,0.38,0,1,6,2,25,11,3.2,208,113,0
4,3,0.86,2,1,0.43,0,0,1,1,18,12,3.89,195,80,0
11,5,3.23,0,0,0.0,0,0,7,7,17,10,4.99,274,61,0
1,1,0.16,0,0,0.0,0,1,5,12,16,9,2.57,263,66,0
4,2,0.58,0,0,0.0,0,1,3,2,12,7,1.74,113,110,1
0,0,0.0,6,3,1.14,1,1,3,6,10,3,1.89,34,127,1
0,0,0.0,4,3,0.51,0,2,12,14,17,10,2.18,312,99,0
0,0,0.0,3,1,1.3,1,1,1,1,8,4,3.46,41,113,1
0,0,0.0,3,2,0.6,0,3,8,1,16,12,3.18,401,71,0
4,2,0.63,5,4,0.79,0,1,0,4,17,11,2.69,283,55,0
6,4,0.84,6,4,0.84,1,3,7,5,25,14,3.48,253,76,0
0,0,0.0,1,1,0.33,0,0,0,0,23,10,7.48,162,92,1
2,1,0.29,0,0,0.0,0,1,2,1,10,4,1.47,41,109,1
0,0,0.0,3,2,0.56,0,0,2,6,22,10,4.14,159,34,0
3,1,0.69,6,4,1.37,1,1,0,0,23,12,5.25,161,68,0
4,3,1.43,6,4,2.15,0,3,10,3,18,8,6.45,202,87,0
4,3,0.56,2,1,0.28,0,0,5,0,19,10,2.64,142,55,0
5,3,1.7,4,2,1.36,1,0,6,13,20,7,6.79,163,107,0
5,3,1.3,1,1,0.26,0,3,5,1,18,13,4.66,322,30,0
0,0,0.0,3,1,0.8,1,0,5,0,6,2,1.6,35,193,1
0,0,0.0,4,2,0.55,0,2,6,0,13,9,1.8,98,74,0
